Frame,root_translateX,root_translateY,root_translateZ,root_rotateX,root_rotateY,root_rotateZ,left_hip_pitch_joint_dof,left_hip_roll_joint_dof,left_hip_yaw_joint_dof,left_knee_joint_dof,left_ankle_pitch_joint_dof,left_ankle_roll_joint_dof,right_hip_pitch_joint_dof,right_hip_roll_joint_dof,right_hip_yaw_joint_dof,right_knee_joint_dof,right_ankle_pitch_joint_dof,right_ankle_roll_joint_dof,waist_yaw_joint_dof,waist_roll_joint_dof,waist_pitch_joint_dof,left_shoulder_pitch_joint_dof,left_shoulder_roll_joint_dof,left_shoulder_yaw_joint_dof,left_elbow_joint_dof,left_wrist_roll_joint_dof,left_wrist_pitch_joint_dof,left_wrist_yaw_joint_dof,right_shoulder_pitch_joint_dof,right_shoulder_roll_joint_dof,right_shoulder_yaw_joint_dof,right_elbow_joint_dof,right_wrist_roll_joint_dof,right_wrist_pitch_joint_dof,right_wrist_yaw_joint_dof
0.000000,162.063563,32.149786,75.296563,-5.354093,-0.454929,173.811063,5.971822,-9.855919,-2.050115,4.522932,-20.823724,8.070697,-12.314523,-2.929197,4.200218,39.805595,-33.601085,0.682523,8.657920,-5.311980,8.571233,3.956512,19.361358,-22.544778,49.880554,13.306809,10.226984,-3.760277,14.697968,-14.269178,10.086940,60.009147,4.408964,10.097432,0.502052
1.000000,161.753321,32.057068,75.216466,-1.342973,1.868559,178.472269,2.012700,-6.757619,-6.196916,20.945419,-30.467022,7.606239,-4.610055,-0.388678,-1.711871,33.337030,-32.463182,0.093919,4.066809,-1.130798,13.149679,-6.157120,18.761196,-22.702065,62.100053,10.965564,4.763341,-4.974178,5.684333,-16.230713,9.922992,70.759517,6.811239,3.503825,4.163112
2.000000,161.839569,32.022777,75.053728,-0.833798,2.784216,178.375009,1.206466,-6.399380,-6.024804,24.759943,-32.405208,7.592335,-3.878157,0.132443,-1.838466,33.813173,-32.740928,-0.047613,4.094403,-0.512838,14.144640,-6.019444,18.338831,-22.708888,62.760040,11.127696,4.576810,-4.897852,5.496683,-15.981896,9.931192,71.004666,6.706492,3.204631,4.077652
3.000000,161.861134,31.976470,74.955636,-0.364158,3.106655,178.358407,0.555248,-6.008249,-5.971223,26.986716,-33.604469,7.539781,-3.563281,0.633542,-1.938416,33.906814,-32.767416,-0.110319,4.060954,0.035842,14.588645,-5.895847,18.060977,-22.652821,63.194987,11.332856,4.538759,-4.912563,5.331162,-15.764510,9.899137,71.107358,6.545249,3.082254,4.080644
4.000000,161.867058,31.936079,74.902999,-0.014338,3.151379,178.277302,0.035359,-5.681795,-5.883113,28.289640,-34.313545,7.518959,-3.531167,1.022174,-1.967786,33.906852,-32.675099,-0.200944,4.105738,0.478051,14.752621,-5.764246,17.798706,-22.664671,63.582429,11.442807,4.480545,-4.971964,5.180349,-15.587643,10.378788,71.198725,5.758212,2.933678,4.003669
5.000000,161.847198,31.924674,74.869788,0.233552,3.080346,178.179911,-0.333494,-5.411585,-5.812793,29.002780,-34.783493,7.495078,-3.575286,1.334891,-1.944756,33.837427,-32.628435,-0.281673,4.129221,0.785852,14.713650,-5.506227,17.592028,-22.506228,63.897690,11.467185,4.577265,-5.080760,5.049294,-15.495930,10.046576,71.252171,5.947341,2.940122,3.995262
6.000000,161.841631,31.909630,74.852335,0.413628,3.027346,178.084661,-0.560025,-5.238178,-5.813512,29.439174,-34.973079,7.485480,-3.598413,1.543943,-1.943815,33.734256,-32.575003,-0.309407,4.197151,1.059078,14.749660,-5.332680,17.445594,-22.582458,64.115443,11.637129,4.573325,-5.123946,4.975695,-15.437033,10.267385,71.218683,5.553469,2.955084,3.945616
7.000000,161.827350,31.890324,74.846971,0.524461,2.992018,178.019638,-0.657888,-5.126467,-5.782496,29.616247,-35.121492,7.498253,-3.589272,1.666184,-1.935810,33.625527,-32.517936,-0.353588,4.169854,1.208205,14.718245,-5.170323,17.357365,-22.630529,64.317419,11.767726,4.547721,-5.206663,4.844118,-15.384036,10.192399,71.225998,5.516290,2.947145,3.936796
8.000000,161.825490,31.858411,74.845099,0.590517,2.947035,178.043563,-0.739654,-5.086556,-5.820599,29.688445,-35.190767,7.539243,-3.580640,1.715211,-1.965138,33.519915,-32.455679,-0.357515,4.132013,1.319575,14.745999,-5.153506,17.295067,-22.650970,64.464685,11.963470,4.520776,-5.234481,4.791578,-15.388288,10.092852,71.040237,5.434037,2.856371,3.801742
9.000000,161.826050,31.826481,74.845713,0.637144,2.937968,178.095669,-0.797520,-5.069001,-5.847886,29.777996,-35.275171,7.596806,-3.529598,1.735002,-2.006137,33.401035,-32.462643,-0.344323,4.073975,1.414649,14.822800,-5.209607,17.217119,-22.604282,64.602251,12.126085,4.576656,-5.222831,4.786546,-15.443194,10.017767,70.752229,5.263538,2.800866,3.618906
10.000000,161.807406,31.804553,74.848741,0.674834,2.986511,178.065229,-0.678391,-5.031336,-5.828142,29.688732,-35.292745,7.551948,-3.400447,1.760991,-1.986069,33.272375,-32.458848,-0.354412,4.103961,1.486752,14.907101,-5.295752,17.174039,-22.641744,64.717593,12.109257,4.473396,-5.149565,4.716719,-15.476698,10.066423,70.743001,5.233543,2.821474,3.546042
11.000000,161.811006,31.781346,74.850982,0.698097,3.044706,178.108261,-0.583393,-5.040899,-5.901649,29.639336,-35.278357,7.607009,-3.282968,1.757815,-2.028861,33.177559,-32.404951,-0.409941,4.089138,1.552492,14.935732,-5.437631,17.143471,-22.687465,64.708946,11.992853,4.394361,-5.158959,4.664968,-15.559516,10.076314,70.732175,5.208947,2.838173,3.499462
12.000000,161.823177,31.764391,74.856740,0.738197,3.053360,178.190102,-0.562253,-5.017628,-5.970028,29.558135,-35.216507,7.529025,-3.218288,1.778337,-2.108306,33.061964,-32.323273,-0.391685,4.047571,1.626177,14.985867,-5.653795,17.161108,-22.734377,64.561195,12.059135,4.340525,-5.146354,4.606403,-15.683115,9.990735,70.590374,5.148487,2.790297,3.368496
13.000000,161.828876,31.734040,74.854356,0.760053,3.068422,178.267539,-0.548588,-5.019453,-6.012216,29.536654,-35.310565,7.583595,-3.159845,1.750902,-2.192665,33.010929,-32.349962,-0.341578,3.978759,1.703436,15.010275,-5.922019,17.194246,-22.765079,64.254718,12.291485,4.346373,-5.093927,4.598263,-15.794701,9.778457,70.451202,5.153910,2.713706,3.281945
14.000000,161.836541,31.709754,74.847639,0.768744,3.123977,178.254432,-0.486661,-5.028354,-6.003189,29.539796,-35.274970,7.576958,-3.136441,1.729406,-2.177577,33.073644,-32.401157,-0.330768,3.956089,1.746186,15.073413,-6.142043,17.275702,-22.858999,63.815933,12.755933,4.231355,-5.024858,4.551104,-15.886914,9.477300,70.350901,5.346076,2.693632,3.271422
15.000000,161.847794,31.691986,74.840117,0.785554,3.180976,178.254171,-0.440663,-5.038165,-6.029399,29.571564,-35.245969,7.552928,-3.116822,1.716934,-2.195494,33.144620,-32.385154,-0.354108,4.026076,1.814896,15.174109,-6.490140,17.352879,-23.105161,63.380419,13.432832,4.085157,-4.859748,4.551975,-15.930132,9.627006,70.260421,4.955592,2.663284,3.184549
16.000000,161.883748,31.677106,74.835587,0.800308,3.194510,178.269402,-0.492020,-5.038811,-6.055970,29.629139,-35.315285,7.548501,-3.148227,1.730735,-2.182050,33.174765,-32.416648,-0.316386,4.019559,1.850851,15.287418,-6.790449,17.456927,-23.295187,62.975778,14.040655,4.047061,-4.634526,4.493659,-15.935794,9.612945,70.142464,4.754979,2.588710,3.071370
17.000000,161.914337,31.662866,74.828714,0.818388,3.207800,178.261809,-0.523716,-5.022215,-6.038650,29.707744,-35.364674,7.557288,-3.193870,1.732924,-2.186572,33.237186,-32.407489,-0.262687,4.008990,1.857448,15.334876,-7.036154,17.488163,-23.199364,62.673987,14.197424,4.036410,-4.514911,4.470964,-15.895872,9.549109,69.971866,4.705253,2.540373,2.974408
18.000000,161.940062,31.652221,74.823850,0.829659,3.225052,178.213782,-0.531018,-5.008503,-5.984385,29.716606,-35.341823,7.513059,-3.249859,1.740593,-2.149773,33.333311,-32.431268,-0.258265,3.978656,1.817343,15.372010,-7.209955,17.526013,-23.021704,62.442853,14.105418,4.064115,-4.448472,4.432336,-15.844878,9.281807,69.757214,5.195693,2.558509,2.869914
19.000000,161.972404,31.649303,74.823385,0.813396,3.208554,178.152707,-0.536886,-5.001853,-5.914597,29.606176,-35.318819,7.490331,-3.351187,1.744460,-2.071835,33.422793,-32.448863,-0.238404,3.951355,1.754336,15.403002,-7.352708,17.536693,-22.848793,62.175390,13.996444,4.101946,-4.374401,4.301322,-15.745570,9.181986,69.623151,5.421657,2.675251,2.824258
20.000000,161.988282,31.639302,74.820626,0.806253,3.198229,178.099615,-0.538493,-5.009484,-5.883699,29.590029,-35.310504,7.521937,-3.390613,1.737551,-2.025350,33.433376,-32.475630,-0.218693,3.959373,1.725149,15.451636,-7.524256,17.494105,-22.655948,61.994410,13.874994,4.145787,-4.300025,4.214508,-15.592053,9.097734,69.596547,5.475754,2.632882,2.842450
21.000000,162.020993,31.628251,74.816257,0.783650,3.196886,178.011701,-0.555696,-5.031276,-5.809526,29.593857,-35.301556,7.559574,-3.478483,1.718061,-1.941454,33.522254,-32.471587,-0.207773,3.959165,1.685002,15.489416,-7.596342,17.459126,-22.534203,61.868024,13.703499,4.102881,-4.249319,4.144295,-15.481711,9.127376,69.569930,5.393514,2.560213,2.835108
22.000000,162.069428,31.612498,74.816817,0.768421,3.192146,177.928510,-0.605898,-5.063199,-5.762364,29.625669,-35.314800,7.633025,-3.591340,1.680170,-1.898140,33.614619,-32.400706,-0.168259,3.927829,1.651019,15.547683,-7.639041,17.397943,-22.336301,61.814626,13.422229,4.039536,-4.274823,4.062827,-15.297013,9.014228,69.709341,5.616272,2.418129,3.037066
23.000000,162.108696,31.607217,74.820495,0.769419,3.155177,177.823398,-0.654536,-5.034336,-5.654434,29.594093,-35.216220,7.577593,-3.705628,1.697436,-1.822520,33.650061,-32.398227,-0.199729,3.925127,1.623550,15.637279,-7.673590,17.360089,-22.225678,61.758263,13.197974,4.051438,-4.255376,3.943259,-15.213089,9.058071,69.801590,5.652219,2.325059,3.221891
24.000000,162.133992,31.609663,74.825567,0.747580,3.087237,177.710980,-0.733823,-5.037868,-5.567480,29.543983,-35.253608,7.659380,-3.858972,1.718550,-1.693026,33.729912,-32.399375,-0.270919,3.999853,1.569049,15.646869,-7.668609,17.348175,-22.181731,61.707487,13.084220,4.110501,-4.192574,3.902326,-15.283848,9.318165,69.622277,5.252299,2.640179,2.755599
25.000000,162.150288,31.601605,74.820435,0.748651,3.025031,177.669980,-0.801288,-5.030046,-5.531619,29.513517,-35.208150,7.582363,-3.969542,1.738770,-1.622406,33.765067,-32.448074,-0.274066,3.974036,1.569205,15.601877,-7.609498,17.312614,-22.194225,61.799941,13.256615,4.104225,-4.060761,3.937044,-15.197360,9.403997,69.633799,5.121998,2.717038,2.577437
26.000000,162.150908,31.591609,74.822503,0.709770,3.007475,177.591796,-0.796635,-5.057417,-5.437337,29.493757,-35.170833,7.616742,-4.023250,1.691125,-1.560247,33.786326,-32.415934,-0.297678,3.991354,1.532292,15.576924,-7.496152,17.238428,-22.193390,62.026990,13.322669,4.167266,-4.023554,4.010999,-15.154322,9.438790,69.714313,5.099393,2.746574,2.608900
27.000000,162.150109,31.578702,74.820668,0.683358,3.029812,177.548182,-0.740489,-5.101227,-5.419881,29.454412,-35.155807,7.664976,-4.008000,1.655413,-1.518943,33.812428,-32.454788,-0.271470,3.993327,1.534818,15.595019,-7.412295,17.146374,-22.127383,62.297479,13.366111,4.233545,-4.176062,4.099345,-15.050144,9.299180,69.961225,5.281360,2.536673,2.913023
28.000000,162.182283,31.571987,74.818254,0.659959,3.041584,177.583671,-0.780908,-5.133691,-5.416626,29.486268,-35.148263,7.691935,-4.056008,1.637381,-1.483462,33.891358,-32.480756,-0.282530,3.957275,1.533373,15.603174,-7.338577,17.119319,-22.182675,62.504898,13.543165,4.329240,-4.321644,4.152898,-15.116206,9.282690,70.077597,5.167571,2.529799,2.924813
29.000000,162.193620,31.572646,74.817061,0.646539,3.042842,177.642757,-0.796795,-5.182587,-5.524317,29.486026,-35.164071,7.727790,-4.081935,1.593261,-1.565870,33.951914,-32.509368,-0.303104,3.909625,1.546853,15.583404,-7.208494,17.131462,-22.313432,62.658086,13.902351,4.495112,-4.494341,4.207044,-15.176453,9.245936,70.105963,5.081995,2.761965,2.933625
30.000000,162.206471,31.586561,74.811566,0.650141,3.094182,177.765906,-0.768233,-5.185271,-5.621759,29.485411,-35.244152,7.705828,-4.008872,1.599415,-1.650729,33.939801,-32.534479,-0.260008,3.799693,1.594440,15.673117,-7.099058,17.143635,-22.462747,62.822215,14.203844,4.525846,-4.568806,4.255580,-15.158293,9.086078,70.159799,5.327594,2.737195,2.970794
31.000000,162.217641,31.592444,74.813807,0.659460,3.145496,177.782121,-0.713588,-5.168553,-5.648790,29.502193,-35.163750,7.709277,-3.940530,1.602618,-1.678891,33.904840,-32.482337,-0.273925,3.808663,1.637876,15.733107,-6.993856,17.125629,-22.549835,63.009957,14.234362,4.603026,-4.620783,4.311130,-15.223305,9.079841,70.143263,5.351145,2.731216,2.881586
32.000000,162.242436,31.599966,74.816263,0.677890,3.237597,177.838595,-0.627670,-5.155598,-5.707458,29.491596,-35.181601,7.685730,-3.839845,1.620069,-1.730553,33.882352,-32.481094,-0.250046,3.810402,1.708469,15.800628,-6.931621,17.130727,-22.679739,63.228714,14.543891,4.633567,-4.751552,4.308620,-15.221749,9.048799,70.272401,5.334008,2.705013,2.961386
33.000000,162.268937,31.599152,74.819583,0.693196,3.267375,177.846554,-0.635183,-5.173035,-5.780347,29.531344,-35.179347,7.708674,-3.811221,1.647758,-1.723176,33.858429,-32.478618,-0.278869,3.859654,1.776065,15.851288,-6.867825,17.146244,-22.789495,63.389654,14.713727,4.682971,-4.816647,4.242597,-15.281331,9.134253,70.314236,5.191871,2.795920,2.875837
34.000000,162.317359,31.602180,74.823427,0.651733,3.198575,177.684472,-0.721444,-5.174198,-5.621770,29.480019,-35.097750,7.783030,-4.024584,1.627543,-1.590730,33.993797,-32.442763,-0.330165,4.028760,1.763469,15.825757,-6.772162,17.137126,-22.783646,63.544043,14.609546,4.790056,-4.783587,4.134586,-15.305773,9.247287,70.239159,5.034766,2.818193,2.796853
35.000000,162.341619,31.612170,74.822271,0.600111,3.098136,177.652942,-0.834187,-5.213808,-5.580429,29.424209,-34.992603,7.749399,-4.226752,1.594841,-1.534909,34.101174,-32.474862,-0.324967,4.106200,1.730517,15.741730,-6.749429,17.119446,-22.732732,63.717086,14.487632,4.862267,-4.828056,4.054910,-15.241516,9.256469,70.222527,4.963191,2.814013,2.990429
36.000000,162.355721,31.623843,74.827111,0.538911,3.046800,177.678472,-0.885200,-5.269449,-5.571434,29.367153,-34.978287,7.761545,-4.321434,1.531251,-1.541206,34.140089,-32.450908,-0.319669,4.095860,1.685801,15.727585,-6.732705,17.132114,-22.744013,63.827831,14.402203,4.928081,-4.838019,3.983780,-15.191580,9.247778,70.123462,5.014312,2.816461,3.175648
37.000000,162.376571,31.636301,74.834615,0.521560,3.049183,177.730239,-0.902106,-5.288110,-5.628618,29.342185,-34.935301,7.739663,-4.333657,1.520239,-1.569425,34.149477,-32.470060,-0.325869,4.073019,1.700203,15.812448,-6.784529,17.146097,-22.792138,63.826356,14.375957,4.925602,-4.798082,3.865249,-15.178740,9.338778,70.079162,4.908353,2.791004,3.221728
38.000000,162.405038,31.651902,74.836701,0.523679,3.055434,177.795145,-0.946308,-5.271142,-5.654760,29.355518,-34.939266,7.719164,-4.335086,1.516341,-1.631425,34.141653,-32.455427,-0.335412,4.054467,1.707796,15.861975,-6.830488,17.170990,-22.825065,63.836546,14.369398,4.881812,-4.665921,3.753523,-15.166585,9.574421,69.939252,4.563019,2.731384,2.925641
39.000000,162.431312,31.674042,74.841648,0.533278,3.041010,177.822142,-0.998864,-5.236177,-5.675450,29.392155,-34.889395,7.662095,-4.355747,1.552295,-1.663457,34.105867,-32.423946,-0.349425,4.073846,1.705478,15.886991,-6.900467,17.161286,-22.721444,63.908653,14.233615,4.840596,-4.588226,3.662284,-15.104501,9.639509,69.781714,4.597156,2.708055,2.685233
40.000000,162.435186,31.687480,74.841917,0.528147,3.021748,177.820158,-0.998933,-5.223721,-5.680829,29.346266,-34.854848,7.641456,-4.353418,1.566940,-1.659093,34.057181,-32.415941,-0.369756,4.085421,1.712363,15.852056,-6.946041,17.122852,-22.601021,63.902546,13.975915,4.800721,-4.611619,3.616528,-15.029756,9.706532,69.762924,4.725367,2.674883,2.716096
41.000000,162.440848,31.695551,74.848717,0.484450,3.012745,177.827884,-0.940589,-5.279995,-5.724533,29.190162,-34.840491,7.723958,-4.371074,1.511194,-1.671188,34.065309,-32.419944,-0.384465,4.058439,1.678361,15.764340,-6.955325,17.047257,-22.451274,63.851443,13.554223,4.711461,-4.730768,3.611645,-15.076917,9.852225,69.709150,4.684633,2.592974,2.778326
42.000000,162.448251,31.702763,74.846959,0.454516,3.022294,177.888063,-0.965334,-5.298784,-5.718797,29.231717,-34.855528,7.806139,-4.364248,1.479277,-1.673993,34.080622,-32.428345,-0.390492,3.963670,1.671364,15.804622,-6.977357,17.010569,-22.463568,63.678571,13.254482,4.617248,-4.719857,3.557507,-15.167350,9.978029,69.594573,4.646722,2.676469,2.604268
43.000000,162.458706,31.718218,74.848318,0.446282,3.045307,177.932970,-0.942812,-5.319902,-5.800452,29.211701,-34.761684,7.732813,-4.342296,1.481665,-1.692129,34.084570,-32.427358,-0.401753,3.920122,1.664122,15.821991,-7.032644,16.958624,-22.452119,63.413737,13.144003,4.541225,-4.707438,3.556858,-15.178851,9.932095,69.481315,4.686260,2.737926,2.531846
44.000000,162.461603,31.740203,74.845272,0.424503,3.090588,177.954322,-0.865754,-5.322815,-5.815143,29.137963,-34.756746,7.670233,-4.294934,1.450759,-1.746881,34.085581,-32.456936,-0.308223,3.876537,1.659983,15.871828,-7.079711,16.927212,-22.482428,63.174462,13.110018,4.418837,-4.764585,3.548089,-15.135687,9.778536,69.524912,4.893290,2.592038,2.636863
45.000000,162.477648,31.758606,74.843693,0.411544,3.123542,177.991160,-0.835782,-5.311831,-5.820938,29.092501,-34.781188,7.630657,-4.290563,1.450509,-1.744929,34.145441,-32.487201,-0.299590,3.833024,1.644694,15.908079,-7.147820,16.898018,-22.519427,62.973531,13.078478,4.417141,-4.767372,3.516754,-15.183379,9.720144,69.547308,4.856297,2.667383,2.599320
46.000000,162.503278,31.783843,74.829936,0.430830,3.089897,178.083365,-1.006911,-5.266729,-5.892639,29.293640,-34.790986,7.573000,-4.430309,1.488146,-1.788217,34.335081,-32.501442,-0.267218,3.668377,1.671317,15.882988,-7.156026,16.858741,-22.441095,62.768189,13.053803,4.394773,-4.812740,3.562294,-15.290734,9.394141,69.452710,5.107414,2.787821,2.505759
47.000000,162.520385,31.834131,74.813092,0.420997,2.985617,178.076277,-1.158266,-5.195567,-5.873443,29.360111,-34.840266,7.476858,-4.684975,1.515841,-1.801429,34.577686,-32.581952,-0.260821,3.543324,1.668416,15.848377,-7.180149,16.837509,-22.429701,62.634173,13.055125,4.300509,-4.813570,3.596604,-15.288306,9.255199,69.402023,5.381272,2.810268,2.536668
48.000000,162.542903,31.913009,74.789262,0.377648,2.900586,178.098332,-1.265864,-5.121651,-5.849888,29.356385,-34.891000,7.262413,-4.978455,1.519118,-1.847407,34.937032,-32.698721,-0.194277,3.390579,1.610432,15.885357,-7.243948,16.849243,-22.378715,62.554458,13.069939,4.213672,-4.810659,3.646215,-15.233671,9.204149,69.491444,5.460485,2.813575,2.596940
49.000000,162.577641,32.034233,74.769175,0.315686,2.781795,178.113867,-1.384116,-5.056817,-5.911346,29.244466,-34.930315,7.019041,-5.355229,1.563502,-1.814013,35.368827,-32.855840,-0.127355,3.222578,1.510353,15.917505,-7.283561,16.925354,-22.339677,62.482502,13.118562,4.165533,-4.853057,3.635227,-15.096456,9.120206,69.756702,5.523405,2.753448,2.831450
50.000000,162.593544,32.161167,74.750268,0.225505,2.536881,178.119065,-1.648139,-5.062325,-6.011058,29.184483,-34.958172,6.954048,-5.826227,1.599725,-1.795018,35.739638,-32.966420,-0.148336,3.049494,1.356545,15.851725,-7.335042,17.004502,-22.380757,62.462934,13.027418,4.184244,-4.818847,3.622976,-15.035003,9.231850,69.947066,5.508198,2.822620,2.879950
51.000000,162.592030,32.293326,74.751198,0.104717,2.262292,178.164936,-1.893019,-5.067227,-6.050300,29.020808,-34.813764,6.854624,-6.192003,1.576684,-1.838774,35.862602,-33.072059,-0.170685,2.860794,1.165186,15.872714,-7.413953,17.168256,-22.373714,62.402357,12.998967,4.145674,-4.744777,3.647922,-14.901799,9.202004,70.186491,5.541050,2.873873,3.036541
52.000000,162.597370,32.466248,74.747652,-0.018866,1.966302,178.237045,-2.250468,-5.044056,-6.088632,29.027027,-34.727178,6.754071,-6.557041,1.567165,-1.920230,35.946340,-33.222170,-0.225767,2.692288,1.007746,15.882131,-7.482751,17.345189,-22.318234,62.406585,12.913332,4.165031,-4.706341,3.668233,-14.734706,9.157059,70.637448,5.561081,2.923143,3.190732
53.000000,162.571955,32.650414,74.745566,-0.099448,1.626869,178.273210,-2.707892,-4.955304,-6.060031,29.196190,-34.809390,6.714555,-6.858663,1.659280,-1.950560,35.825838,-33.278632,-0.228465,2.561124,0.909916,15.853122,-7.546169,17.490818,-22.190325,62.470440,12.786984,4.153109,-4.670484,3.709994,-14.632757,9.236408,71.106914,5.489998,2.957865,3.287023
54.000000,162.495458,32.877284,74.742466,-0.133844,1.371576,178.193145,-2.959481,-4.757469,-5.999047,29.277360,-34.853123,6.605420,-7.004928,1.861374,-1.908621,35.644169,-33.268619,-0.392537,2.532918,0.844661,15.840918,-7.443607,17.714208,-22.006794,62.428257,12.728483,4.038345,-4.679157,3.784232,-14.547316,9.322142,71.695205,5.389614,2.967777,3.492949
55.000000,162.389886,33.127475,74.731052,-0.202010,1.182706,178.013329,-3.079451,-4.558662,-5.854760,29.345341,-34.945874,6.465139,-7.095638,2.076485,-1.801442,35.549318,-33.344861,-0.475407,2.767767,0.749468,15.938668,-7.376483,17.967045,-21.847209,62.368527,12.598849,3.961374,-4.562170,3.868718,-14.487871,9.392942,72.162950,5.359617,3.020766,3.681711
56.000000,162.291932,33.386990,74.696225,-0.247954,1.060742,177.851713,-3.302503,-4.364793,-5.751951,29.770302,-35.172681,6.415083,-7.135459,2.327999,-1.713639,35.513814,-33.569106,-0.531093,2.940681,0.673094,16.084144,-7.249592,18.249106,-21.549681,62.280322,12.535635,3.979868,-4.550018,3.917366,-14.444443,9.289897,72.525476,5.353250,3.116187,3.779570
57.000000,162.193239,33.673146,74.644440,-0.269799,0.979080,177.754194,-3.683116,-4.154764,-5.690698,30.629980,-35.524995,6.347570,-7.172740,2.684921,-1.526408,35.573613,-33.774705,-0.683539,3.032105,0.632010,16.245508,-7.095928,18.524549,-21.355848,62.173730,12.506627,3.971199,-4.451829,3.889824,-14.455890,9.499243,72.879601,5.039317,3.210117,3.768473
58.000000,162.052429,33.973852,74.542630,-0.263055,0.972448,177.507276,-4.155454,-3.891585,-5.485246,32.023017,-36.166746,6.380840,-7.247113,3.124089,-1.206446,35.941377,-34.081452,-0.902045,3.314263,0.627852,16.471703,-6.837244,18.797654,-21.058324,61.922331,12.308625,3.887211,-4.256596,3.803326,-14.500225,9.885687,73.075695,4.467155,3.236318,3.690336
59.000000,161.936402,34.353498,74.342585,0.114043,0.876340,177.412220,-5.252091,-3.064934,-5.103623,34.463728,-37.894887,4.832997,-7.430518,4.054787,-1.209255,36.378117,-34.781260,-1.303649,3.563791,0.962696,16.719654,-6.788021,19.241966,-21.986439,61.878235,11.808136,3.691263,-1.940320,3.482557,-14.730257,10.827160,73.377487,4.971804,3.067162,1.244734
60.000000,161.801136,34.668350,74.105614,0.528601,0.944265,177.198370,-7.047240,-2.337893,-4.682300,38.734904,-39.052273,4.756026,-7.488308,5.053287,-1.008124,36.993151,-35.387702,-1.691731,3.946756,1.292757,17.015427,-6.292071,19.452135,-21.901111,61.633721,11.058511,3.443078,-1.165044,2.966701,-14.704204,11.324611,73.546767,4.845419,3.084160,0.748128
61.000000,161.731935,34.937719,73.802930,1.065927,1.125907,177.065715,-9.867729,-1.538447,-4.169192,45.288351,-39.577401,4.672940,-7.567546,6.124985,-0.868394,37.799609,-35.982724,-2.153599,4.386846,1.793327,17.421999,-5.709467,19.628427,-21.720838,61.431302,10.451491,3.237600,-0.810772,2.309848,-14.818321,12.088358,73.539656,4.211394,3.157796,0.694060
62.000000,161.668301,35.182786,73.480558,1.747483,1.439981,177.084484,-13.779174,-0.712132,-3.751362,54.110350,-38.685888,4.534855,-7.479628,7.285392,-0.915259,38.587482,-36.588514,-2.709128,4.944531,2.516962,18.238536,-5.489015,19.688842,-21.968439,61.539438,10.011541,3.327824,-0.553851,1.268978,-14.994104,12.812158,73.386223,3.522693,3.324805,0.604795
63.000000,161.556613,35.382396,73.167801,2.285603,1.727712,177.273208,-18.385710,0.299533,-2.886778,63.095867,-36.473371,4.042916,-7.375777,8.172625,-1.082418,39.419296,-37.389036,-3.220029,5.685797,3.315574,18.962652,-5.428657,19.579555,-22.306498,61.833600,9.960753,3.425768,-0.561535,0.355146,-15.375845,13.521942,72.732437,3.117883,3.381226,0.673438
64.000000,161.322153,35.530350,72.944158,2.342197,1.643519,177.135372,-23.185108,1.209013,-1.617227,69.353659,-37.260239,4.524949,-7.550369,8.427001,-0.963715,40.135329,-38.210226,-3.314872,6.823721,3.771910,19.216076,-5.140923,19.379871,-22.635495,62.155780,9.888242,3.694139,-0.945097,-0.654165,-15.988004,14.228207,71.898294,2.947325,3.356132,0.788148
65.000000,160.953736,35.683346,72.836292,2.138452,1.380098,176.877292,-28.123195,2.088037,-0.195696,72.626617,-38.814664,5.513804,-7.709288,8.349835,-0.771745,40.596766,-38.763950,-3.236459,7.938287,3.932521,19.278578,-4.258785,18.928018,-22.601875,62.426925,9.517348,3.532946,0.084118,-1.971865,-16.641170,14.784616,71.002774,2.216979,3.070178,-0.018599
66.000000,160.430801,35.820204,72.877038,1.485435,0.716879,176.976126,-33.468518,2.281713,1.066427,73.034776,-39.870324,6.650604,-7.711981,7.633299,-0.709050,40.164224,-38.907677,-2.812737,8.534507,3.453897,19.365261,-3.744089,18.592820,-22.369003,62.960581,8.605003,3.622164,0.227300,-4.272837,-17.396903,15.222875,70.287441,1.316747,2.881966,-0.351982
67.000000,159.761047,35.927805,72.883672,0.566017,0.540316,176.798677,-38.047968,1.734423,1.886512,71.590402,-40.687171,7.308607,-7.382606,6.661238,-0.290052,40.440239,-39.565360,-2.372234,9.197862,2.606675,19.833273,-2.906516,18.483511,-22.187781,63.470810,8.324665,3.636960,-0.275326,-6.416497,-17.933123,15.517182,69.399879,0.679939,2.696471,-0.099466
68.000000,158.973598,36.018869,72.909069,-0.702125,0.389934,176.503129,-42.219117,0.506740,2.376316,68.542430,-40.587808,7.560338,-7.018486,5.295367,0.328117,40.893958,-40.410510,-2.072610,9.840494,1.280562,20.452044,-2.125587,18.601648,-22.217070,64.101448,8.809315,3.629953,-0.884191,-8.520193,-18.342108,15.615201,67.893679,1.122432,2.763088,-0.128724
69.000000,158.081675,36.072898,72.875744,-1.658973,0.716122,176.465365,-45.582845,-1.003041,1.961791,64.980958,-39.924057,7.077445,-5.958883,4.069001,0.486595,41.264093,-41.386988,-1.872478,10.335701,0.284842,21.501768,-1.476362,18.820547,-22.470105,64.716507,9.918519,3.538006,-1.553811,-10.351918,-18.707485,15.849171,65.924398,1.324993,2.377652,0.195263
70.000000,156.985915,36.130822,72.848409,-2.664246,1.020846,176.094191,-48.173795,-2.186420,1.672976,61.188878,-39.083664,6.863061,-4.594398,2.827329,0.974725,41.201456,-41.926700,-1.524864,11.083128,-0.851023,22.609374,-1.021562,19.086750,-22.573191,65.419675,10.170469,3.961866,-1.822187,-12.213343,-18.883229,16.239516,63.919185,1.959218,2.308059,-0.926541
71.000000,155.705273,36.155367,72.753322,-3.449905,1.296470,175.701151,-50.233429,-3.076079,1.222178,58.115798,-38.221950,6.781424,-3.120042,1.923050,1.599251,41.193387,-42.870372,-1.155509,11.685470,-1.804712,23.449899,-0.306036,19.310466,-22.316374,66.042588,10.004969,4.241941,-1.873134,-13.906616,-19.090794,16.652399,61.989212,1.937018,2.010296,-1.776122
72.000000,154.266536,36.167356,72.614145,-4.022064,1.713502,175.252014,-51.337505,-3.808208,0.636479,55.486360,-36.437816,5.224306,-1.357735,1.168107,2.104333,41.159150,-43.128219,-0.687725,12.319032,-2.564280,24.177514,0.548869,19.488739,-21.960571,66.914400,10.181052,3.951498,-1.573961,-15.204249,-19.162386,16.950151,60.077094,1.759079,1.775334,-2.133229
73.000000,152.657390,36.147177,72.384709,-4.512177,1.940406,174.590484,-52.195872,-3.891469,0.780157,54.942352,-35.685344,4.546152,0.061079,0.580928,2.988968,41.679286,-43.342898,-0.072555,13.139195,-3.232982,24.778183,1.121965,19.581572,-21.231180,67.559689,9.782848,4.055439,-1.507691,-16.293165,-19.256719,17.055367,58.302263,1.769195,1.413397,-2.417577
74.000000,150.985754,36.132169,72.167057,-4.800516,2.033693,173.628109,-52.495574,-3.148971,1.669517,55.733152,-35.251013,4.263617,0.973386,0.300281,4.225452,42.991902,-42.929986,0.229660,14.069973,-3.692464,25.265218,1.608053,19.566607,-20.486864,67.923499,9.229018,4.330167,-1.433227,-17.276731,-19.392251,17.373882,56.808722,1.549177,1.186057,-3.023591
75.000000,149.090159,36.002511,72.079283,-4.879219,1.781141,172.969073,-52.418861,-2.900983,2.271970,57.514421,-34.531411,4.731063,2.062685,0.040672,5.218227,43.386830,-41.365077,1.099772,14.707137,-4.010732,25.498397,1.644564,19.621117,-20.154396,68.247988,8.927787,4.422008,-1.137922,-18.176170,-19.410032,17.457513,55.949320,1.526872,1.260751,-3.416808
76.000000,147.063112,35.804418,72.143465,-4.848070,0.960108,172.499519,-52.576938,-3.339089,2.138267,59.631807,-34.085328,5.574239,2.501855,-0.064239,6.171246,43.821917,-38.342971,2.597435,14.955935,-4.252819,25.038447,1.534948,19.513512,-20.098658,68.483868,8.572412,4.536533,-0.827813,-18.517725,-19.325809,17.611663,55.685484,1.775609,1.354640,-3.383818
77.000000,144.999766,35.518566,72.462106,-4.922983,-0.440074,172.694536,-53.366877,-3.865161,2.564491,61.687864,-35.155107,7.510619,2.279558,-0.155417,6.970051,44.189862,-33.926369,4.841923,14.675111,-4.621069,24.370841,0.837311,19.425022,-20.279595,68.564806,8.457710,4.470331,-0.608004,-18.478554,-19.360118,17.483879,55.803882,1.984867,1.408408,-3.194270
78.000000,142.851520,35.216528,73.112392,-5.217151,-1.934093,173.203324,-53.388495,-5.305722,2.538842,62.102470,-35.763864,9.083236,1.767277,-0.255759,8.001799,44.541487,-27.668540,7.431937,14.275421,-5.154482,24.049178,-0.594331,19.353833,-20.842893,68.388464,8.370227,4.257628,-0.537144,-18.092517,-19.389025,17.182589,56.385554,2.254844,1.435471,-2.965742
79.000000,140.559959,34.962749,74.013883,-5.500595,-3.322624,173.534989,-52.029765,-6.445204,2.510667,60.978570,-37.174510,10.204997,0.808146,-0.103592,9.348383,45.418941,-19.761400,10.349388,14.178014,-5.661092,23.688124,-2.277455,19.351154,-21.664518,67.746638,8.742144,4.188821,-0.535102,-17.162527,-19.340659,17.053821,57.701383,2.894376,1.577188,-2.347884
80.000000,138.166308,34.643373,75.013471,-6.450825,-4.527043,173.927489,-49.830386,-7.976648,3.239874,58.531053,-38.529538,10.434255,-0.939804,-0.857218,10.540794,47.716487,-11.317323,14.603551,13.987869,-6.797958,23.196482,-3.716568,18.993002,-20.022015,67.405197,11.948725,2.772547,-2.374906,-15.159231,-19.187263,16.113429,59.244631,2.935843,2.162453,-1.323229
81.000000,135.884988,34.765700,76.026058,-6.643879,-5.955652,174.973740,-47.798965,-9.290700,2.560943,55.885359,-39.127043,10.678244,-3.847079,0.083221,10.152302,51.677409,-3.360408,15.000035,12.614262,-7.566492,22.345032,-5.216884,19.457923,-20.276332,65.602587,13.145975,2.112475,-2.573782,-13.530944,-18.416635,15.642982,61.656022,3.385051,2.811261,-0.685414
82.000000,133.655679,34.721571,76.986814,-6.364832,-7.501002,175.962183,-45.916275,-10.287453,1.492962,53.273758,-39.692534,11.349053,-8.544188,0.367441,8.206910,57.392898,4.474987,15.000035,10.961613,-7.619629,21.142670,-7.012548,19.730367,-20.911973,63.547069,13.554902,1.654505,-2.336364,-11.711941,-17.945554,15.057236,64.034663,4.212823,3.015729,0.316240
83.000000,131.541109,34.296054,77.876937,-6.534939,-8.543129,176.699350,-43.625801,-11.832742,0.828786,50.407561,-39.970550,12.258218,-14.375772,-1.996609,5.802662,64.516300,10.135622,15.000035,9.043597,-7.824386,20.275454,-8.683138,19.992286,-21.151544,60.917501,14.247378,1.038965,-1.906584,-9.729318,-17.857395,14.582783,66.013116,3.996738,2.813112,1.505644
84.000000,129.488659,33.287299,78.400272,-6.484731,-8.844060,177.355755,-41.730004,-13.621155,0.169067,49.553603,-41.046138,12.953082,-20.412442,-5.478495,5.100457,72.419806,3.148267,13.758318,6.928629,-7.641545,19.442900,-9.927974,20.122311,-21.875330,58.454801,14.110741,0.662064,-0.924349,-6.834452,-17.757309,14.575137,67.229135,3.959750,3.035428,1.535915
85.000000,127.591407,32.993373,79.104805,-6.299566,-9.356695,177.813867,-38.755620,-14.390754,-0.864242,46.365035,-41.456134,12.820464,-27.810654,-7.931474,3.474592,79.148198,-5.522679,9.375316,4.792757,-7.428511,19.095939,-12.462620,21.011397,-21.914351,55.815531,14.234422,0.364772,-0.275710,-5.130135,-17.942854,14.052243,68.684724,3.751322,3.081790,1.497394
86.000000,125.686741,32.784411,79.735172,-5.350311,-9.306449,178.175762,-35.602696,-14.205760,-2.244958,44.435664,-42.432936,12.562413,-34.623383,-9.175615,1.692658,83.554380,-12.993364,5.606460,2.859706,-6.341517,18.960078,-14.892886,21.784376,-22.104309,53.642571,14.834169,0.006469,0.989757,-2.991999,-17.927153,13.150685,70.074913,3.100140,3.010973,1.368848
87.000000,123.799217,32.617137,80.240542,-4.083295,-9.168574,178.454646,-32.626970,-13.462654,-3.577427,43.111795,-43.780690,12.167860,-41.363653,-9.772991,-0.266741,85.872007,-20.187905,2.293181,1.114256,-4.875661,18.908474,-17.299327,22.536339,-22.464472,51.639949,14.873437,-0.375538,2.174263,-0.769982,-17.798558,11.960568,71.340117,3.001648,2.985238,0.945627
88.000000,121.915400,32.548144,80.786115,-2.376953,-8.917076,178.396850,-29.117708,-11.764244,-4.827199,41.175539,-45.038711,11.357040,-47.490961,-8.683427,-2.142581,85.397480,-25.071439,0.406699,-0.154643,-2.671301,19.333667,-19.939054,22.954224,-22.004452,49.869800,14.373756,-0.620224,2.663991,0.983401,-17.750555,10.638723,72.985523,2.798816,3.029639,1.078455
89.000000,120.063829,32.617086,81.132978,-1.519246,-8.600705,179.114467,-26.160137,-11.118611,-5.876435,39.720904,-45.882571,10.488379,-53.101582,-7.947502,-3.235176,83.394492,-28.743581,0.182660,-2.187113,-1.504787,19.436341,-21.582710,23.372689,-21.712593,48.344492,14.235898,-0.894208,2.753123,3.230693,-17.411252,9.867872,74.522821,2.358649,3.472330,2.177428
90.000000,118.245471,32.755601,81.424493,-1.106252,-8.188983,-179.944057,-22.939658,-10.875131,-6.994090,37.557250,-46.382339,9.305448,-57.929928,-7.639024,-4.000773,79.980914,-30.836064,1.017721,-4.342443,-0.944907,19.673441,-22.939561,24.125502,-21.556594,46.935158,14.496074,-1.446728,3.356105,5.225100,-16.656825,9.116525,76.397203,1.361546,3.410079,2.015557
91.000000,116.362667,32.921043,81.664014,-0.836259,-7.523564,-179.108227,-19.315015,-10.710640,-8.165134,35.410235,-46.757382,8.569682,-61.423379,-7.653512,-4.811183,75.808126,-32.307748,1.869706,-6.197891,-0.647015,20.343643,-24.320680,24.846198,-21.605724,45.984085,14.852195,-1.920706,3.956963,6.837267,-15.780976,8.349730,78.377234,0.698809,3.457886,2.821111
92.000000,114.414740,33.126196,81.812048,-0.757416,-6.693588,-178.458057,-15.617333,-10.558812,-9.057855,33.612502,-47.189282,8.322714,-63.942913,-6.740082,-4.332041,72.182983,-32.371815,2.714929,-7.739299,-0.669974,21.070357,-25.190791,25.446367,-21.449775,45.203377,15.142647,-2.040508,4.805783,8.244429,-14.775164,7.463358,80.329766,0.414059,3.998566,3.483571
93.000000,112.336624,33.372417,81.932300,-0.786046,-5.277232,-178.197929,-10.749487,-10.208250,-9.736340,31.053841,-47.426156,7.897038,-64.469029,-6.079856,-4.128098,69.437827,-31.605683,3.413395,-8.654487,-0.869015,22.267680,-25.746553,25.930817,-21.234338,44.686875,15.134639,-2.072313,4.694201,9.485516,-13.697450,6.992882,82.284211,0.064339,4.221295,3.774039
94.000000,110.215604,33.598247,81.892043,-0.784217,-3.965979,-177.628329,-6.899476,-9.928841,-10.111294,30.420153,-47.839372,7.814728,-64.205937,-5.730326,-3.567416,69.258419,-28.823562,3.737686,-9.512401,-1.072208,23.377805,-26.032614,26.158305,-20.676180,44.320295,15.391381,-1.951045,2.925226,10.472488,-12.590034,6.548772,84.092681,-0.284007,4.617683,4.561136
95.000000,108.098018,33.827817,81.804079,-0.599632,-2.941534,-176.997077,-4.160891,-9.528712,-10.396379,31.458680,-48.208117,7.739590,-63.093285,-4.916764,-2.831020,69.995628,-22.420767,3.842599,-10.097052,-0.984699,24.306437,-25.913772,25.969950,-20.371152,44.245026,15.689908,-2.079143,2.807382,11.181370,-11.557123,6.399611,85.437983,-0.125369,4.890859,4.974770
96.000000,105.853963,34.136221,81.815541,-0.166950,-2.324596,-176.292137,-1.750416,-8.669661,-10.807717,32.362092,-48.201092,6.808176,-60.625285,-5.159276,-4.063564,71.348095,-25.888406,1.856231,-10.516156,-0.554143,25.030041,-25.564426,25.651284,-19.997670,44.451032,15.862665,-1.944792,1.857078,11.553950,-10.821287,5.949969,86.149367,-0.182782,4.941833,6.143438
97.000000,103.613162,34.519556,81.931496,0.602415,-2.344550,-175.764872,-0.246996,-7.255217,-11.048891,33.595631,-47.647844,5.225901,-57.913338,-5.534968,-6.474604,72.417634,-32.032491,-0.893820,-10.746124,0.372638,25.371238,-24.860724,25.139940,-19.526054,45.042847,15.635423,-1.826920,1.689704,11.452847,-10.444071,5.722299,86.120196,0.123501,4.703080,5.390924
98.000000,101.459539,34.980825,82.151335,1.769646,-3.138551,-175.890387,-0.202589,-5.321995,-10.923902,35.885005,-46.642918,3.279627,-56.089592,-4.189311,-8.434770,72.211185,-37.021746,-3.603665,-10.388797,1.777815,25.233393,-23.602137,24.448348,-18.861912,45.852245,15.362887,-1.762712,1.526824,10.757811,-10.481695,5.919379,85.557975,0.215304,4.468366,5.413472
99.000000,99.334848,35.429269,82.421029,2.700370,-4.163011,-176.228129,-0.855497,-3.866267,-10.878041,39.235069,-44.978391,1.159572,-54.899411,-2.437808,-9.260535,72.089034,-40.565474,-5.265073,-9.742972,2.799493,24.804459,-21.905516,23.928328,-18.642685,46.931114,15.120330,-1.339354,1.128831,9.766811,-10.698434,6.529818,84.234865,0.306649,4.353529,5.223664
100.000000,97.159743,35.925308,83.215070,4.026710,-5.242768,-176.383354,-0.497158,-1.787665,-11.450259,39.717017,-40.363375,-1.160877,-52.843661,-0.523988,-10.619572,70.274928,-42.155347,-6.344574,-9.547430,4.608899,24.816820,-20.805187,22.717728,-18.472689,49.549990,14.825170,-1.369824,1.009552,7.748892,-11.952800,7.701004,81.817607,0.802012,4.029334,4.138132
101.000000,95.103920,36.318567,84.011012,4.540557,-6.106319,-176.505213,-1.191213,-1.097679,-11.518965,42.815864,-33.858870,-3.358817,-50.762919,0.756131,-11.026377,68.567388,-43.481900,-7.167500,-8.982352,5.586777,24.523704,-19.486318,21.397635,-18.871338,52.553787,14.792419,-0.855928,0.144629,6.117332,-13.243190,9.052868,78.218029,0.571502,3.660970,2.823865
102.000000,93.163455,36.629435,84.688157,4.909283,-6.872785,-176.934742,-3.372637,-0.612299,-10.424510,49.287331,-26.766676,-5.587890,-48.928866,2.191740,-10.985713,67.025685,-44.511182,-8.001790,-7.949801,6.413098,23.896115,-17.395921,20.370020,-19.491666,55.092442,14.869648,-0.167370,-0.986114,4.476281,-14.974309,10.423596,73.888549,0.420830,3.164145,1.681822
103.000000,91.288084,36.895832,85.344523,5.376780,-7.318396,-177.756318,-6.544564,-0.204473,-9.098447,57.944210,-20.083254,-6.090415,-46.822627,4.099677,-10.665254,65.283303,-45.028678,-8.801948,-6.331550,7.286470,23.017545,-14.550256,19.548329,-20.175585,56.764340,14.900479,0.486040,-1.537098,2.500649,-16.887153,11.795130,69.775751,0.207315,2.582077,-0.070313
104.000000,89.357120,37.163866,85.998690,5.244057,-7.644372,-178.711391,-10.530896,-0.161562,-7.126091,66.434784,-17.757281,-5.651979,-44.621523,5.614694,-9.660548,63.742529,-45.814071,-9.346941,-4.461200,7.487585,21.864221,-11.500020,19.074611,-20.869930,57.806507,14.277518,0.972685,-2.229246,-0.087661,-18.840204,12.761049,66.211594,0.899756,2.121237,-1.278546
105.000000,87.435937,37.468880,86.776882,4.713749,-7.857286,-179.330143,-15.716163,0.504869,-4.230048,72.438514,-23.975923,-3.378613,-41.892357,6.326341,-8.682044,61.660796,-46.761883,-9.106016,-2.991825,7.113723,20.703630,-8.446797,18.999206,-20.925352,58.542296,14.194660,1.192461,-2.636208,-3.562149,-20.609350,13.250396,63.620999,1.352660,1.933300,-2.472030
106.000000,85.571057,37.799689,87.643254,4.330932,-8.178484,179.928207,-21.998926,1.672362,-1.756483,75.938822,-29.088437,-1.699530,-38.966253,7.214316,-7.663177,58.679603,-47.135006,-8.470294,-1.730408,6.610427,19.777006,-5.856667,19.148809,-19.968948,59.491644,13.607733,1.363527,-2.744212,-8.562165,-22.164266,13.235612,61.782121,1.393288,2.218269,-4.301820
107.000000,83.769399,38.118097,88.421369,3.441569,-7.955903,179.795318,-28.667807,3.155212,1.054306,78.613497,-33.731531,1.006404,-35.656040,6.992366,-6.693964,56.288668,-47.664175,-7.493716,-0.712270,5.484805,19.470661,-3.768333,19.618371,-20.173969,60.511064,12.091409,1.869928,-2.143757,-12.931918,-23.236891,12.987303,59.397770,2.847631,2.245585,-5.639369
108.000000,81.959307,38.442600,89.059561,2.297523,-7.312638,179.690796,-35.397821,3.980779,3.300691,81.066901,-37.183816,4.508023,-32.046288,6.406668,-5.695595,54.330873,-48.494183,-6.827907,0.765337,4.011887,19.756211,-2.495514,20.728924,-21.875952,61.341594,9.904816,2.614124,-0.732790,-16.954521,-24.257261,13.450922,56.539295,5.583626,1.327743,-5.613474
109.000000,80.166864,38.676435,89.456630,1.554718,-6.724456,178.766062,-42.528245,3.832299,3.968771,82.613563,-39.737255,5.996350,-28.918078,6.659075,-4.305779,52.775017,-49.234442,-6.577308,3.138105,2.969401,19.700110,-1.084306,21.359969,-22.335545,62.387897,9.680683,3.000796,-0.486613,-20.109643,-24.915029,14.000010,53.364514,7.568237,0.334420,-6.845024
110.000000,78.350544,38.843942,89.757824,1.233649,-6.171364,177.271806,-49.568298,3.548927,3.356964,82.773403,-40.566925,6.136294,-25.702808,7.237740,-3.033183,50.787453,-50.000308,-6.182908,6.034639,2.369380,19.477241,0.065088,21.852302,-21.827304,63.555662,9.983496,3.459585,-0.918666,-23.055010,-25.561010,14.749976,50.352947,8.574626,0.244234,-6.187751
111.000000,76.434356,38.990477,90.035021,1.150482,-5.267712,175.817535,-55.309212,4.023089,2.697508,81.153699,-40.791683,5.853633,-21.782486,7.969136,-1.551658,48.235786,-50.000308,-5.925067,8.501681,2.086623,19.585431,1.614171,21.923985,-20.799755,64.644742,9.070974,3.796726,-0.340906,-25.804072,-26.068819,15.768972,47.862995,8.120043,-0.270742,-6.248702
112.000000,74.404985,39.059791,90.205675,1.260742,-4.005677,175.028327,-59.700915,4.492965,2.113670,78.443773,-40.461453,5.557127,-17.158876,8.231301,-0.695628,45.613933,-50.000308,-5.834603,9.963136,2.073563,20.495321,2.761292,21.804617,-19.347259,65.932724,6.747482,4.305565,-0.151844,-28.776325,-26.364107,16.948681,46.212531,6.998288,-0.184326,-6.172220
113.000000,72.314608,39.156738,90.307420,1.692882,-2.173899,174.246591,-62.370958,4.725416,1.037454,75.420390,-39.678908,4.375797,-11.854035,8.632421,0.018201,43.048507,-50.000308,-5.424529,11.197609,2.537014,22.008905,3.673290,21.403154,-18.162605,67.021600,4.822671,4.567471,0.502623,-31.018375,-26.160524,18.101533,44.793641,6.809246,-0.119226,-6.464947
114.000000,70.119220,39.167267,90.296257,2.054532,-0.220511,173.622442,-63.878197,4.378874,0.000070,73.124695,-38.235433,3.051611,-6.555493,8.657517,0.592479,41.172541,-50.000308,-4.883855,12.207186,3.126216,23.670963,4.173538,21.014366,-18.331712,68.613977,4.581838,4.585699,0.890201,-32.489260,-25.828410,18.975787,43.580497,7.271981,-0.358392,-6.688574
115.000000,67.835712,39.137161,90.153420,1.902902,1.726039,173.042665,-64.425445,3.726355,-0.415650,71.942075,-35.779881,2.032845,-1.907738,7.935013,1.166878,40.809045,-50.000308,-4.072740,12.901333,3.164450,25.421191,4.551794,20.811858,-18.677388,69.484252,4.851596,4.892953,0.610666,-33.585020,-25.255528,19.760654,42.986554,7.501434,-0.272413,-6.539544
116.000000,65.468562,39.077708,89.970267,1.035216,3.020250,172.346155,-64.261432,3.724014,0.800840,71.840715,-32.444129,1.610110,1.351913,6.498087,2.182891,41.870337,-50.000308,-2.718630,13.510899,2.242377,26.949498,4.637367,20.860755,-19.064532,69.793147,5.505532,5.209209,0.248235,-34.669887,-24.489985,20.580861,43.172512,7.175431,0.319135,-5.994541
117.000000,63.021421,38.981938,89.822805,-0.038906,3.435763,171.630889,-63.829013,2.979318,1.519271,72.892100,-28.185216,1.382969,3.219956,5.104547,3.712560,43.889979,-50.000308,-1.789768,13.885117,0.800569,27.741037,4.730135,21.087968,-19.392792,69.764556,5.650344,5.058336,0.000863,-35.276612,-23.525026,21.591580,43.968475,6.472064,0.437567,-5.764880
118.000000,60.437822,38.820294,89.804018,-1.623584,2.935933,171.004734,-62.681069,2.445120,3.535589,74.564294,-32.136504,3.794065,4.112742,2.993206,5.101570,45.868211,-49.341819,0.447391,14.311903,-1.276643,27.906606,4.302146,21.368452,-19.434631,69.901508,5.149121,4.894200,0.002806,-35.296430,-23.011157,22.305287,45.145956,5.127250,0.686094,-4.966034
119.000000,57.893628,38.579884,90.249467,-3.138660,1.398620,170.513391,-61.652033,2.080084,5.899561,75.232334,-37.264604,6.461119,4.409598,1.016061,6.469186,45.845316,-46.008636,2.982710,14.826527,-3.577216,27.737589,2.736831,21.892821,-19.283415,70.130552,4.662339,4.874911,0.235587,-34.723241,-22.691750,22.335714,46.469004,4.510827,0.857468,-4.742068
120.000000,55.567515,38.433239,91.143423,-3.733101,-0.604209,170.206933,-61.345522,1.769625,6.736101,75.415684,-39.598155,7.513185,3.890045,0.487871,7.317058,45.292723,-39.851534,5.087944,15.381108,-5.235389,27.173791,0.483107,22.613903,-19.950084,70.391656,4.759237,4.985981,0.532799,-32.762607,-22.115012,21.987789,48.248784,4.798654,1.035914,-4.823685
121.000000,53.241456,38.412842,92.389858,-4.151260,-2.466825,169.666323,-59.929494,1.855973,7.275127,74.221685,-41.872686,7.004948,2.844687,0.158888,7.706438,45.244303,-31.110689,8.066191,16.115777,-6.924427,26.650824,-1.969835,23.500656,-18.153238,70.849395,7.660108,4.026015,-1.671489,-29.662661,-21.615679,20.946910,50.343340,5.727500,1.548521,-3.173108
122.000000,50.988388,38.407737,93.805563,-4.089160,-4.307563,169.735564,-58.199939,1.545753,7.256995,72.212264,-43.656100,7.425792,0.986244,0.182309,6.808926,46.308778,-21.266229,10.293350,15.738702,-8.228615,25.952791,-4.490615,24.557653,-18.355969,69.676522,7.959872,3.808546,-1.799260,-26.737641,-20.573763,20.570544,53.962825,6.103803,2.038435,-2.063697
123.000000,48.851201,38.274816,95.159161,-4.260306,-6.093134,170.876141,-56.721412,-0.164202,7.037631,69.668442,-44.216353,7.983893,-2.209838,-0.170533,5.355651,49.862502,-12.529827,12.181075,13.990368,-9.473027,24.882680,-7.078230,25.406437,-19.646281,67.820575,8.321894,2.956049,-0.373320,-23.308902,-19.694425,20.342837,57.700871,5.836359,2.603930,-1.153045
124.000000,46.789744,38.048801,96.437925,-4.698068,-7.411769,172.591862,-54.768087,-2.821556,6.737614,66.615948,-44.296669,8.813352,-6.250356,-0.991011,3.937897,55.314400,-4.439317,13.675144,11.467349,-10.519154,24.072399,-9.599542,26.207948,-20.775620,65.004085,9.623494,2.140779,0.617877,-19.465124,-19.213228,20.339986,60.860073,4.647656,2.866157,-0.517289
125.000000,44.799009,37.743080,97.626817,-5.228728,-8.394590,174.370208,-52.434211,-5.664823,6.425600,63.230920,-44.214796,9.956368,-11.241872,-2.696708,2.238348,62.000783,2.343746,14.380893,8.805745,-11.219532,23.272649,-11.999167,26.763736,-21.604635,61.558699,10.816455,1.341148,1.618650,-15.386003,-19.139599,20.191868,63.685941,3.192130,2.838562,0.278956
126.000000,42.914766,37.375590,98.687452,-5.036370,-8.854264,175.441359,-49.727377,-7.370237,5.618647,60.451498,-44.689340,10.690309,-16.920752,-5.366826,-0.203987,69.575592,-0.877407,11.266999,6.712894,-10.951477,22.813143,-14.604690,27.154838,-22.189965,58.256418,10.720061,0.897467,2.538660,-11.512337,-19.181208,19.460095,66.235910,2.139850,3.029886,1.444488
127.000000,41.141522,37.066263,99.650013,-4.690277,-9.128789,176.527753,-46.813133,-8.800311,4.517413,57.558557,-45.091041,10.974587,-23.369888,-6.982450,-1.214037,76.571851,-7.989944,8.361139,4.539189,-10.389437,22.456035,-17.557155,27.444165,-22.726184,55.525985,10.165721,0.261238,3.232458,-8.094924,-19.080979,18.007321,68.936860,1.719439,3.178457,2.341303
128.000000,39.439511,36.829212,100.531125,-4.048613,-9.155317,177.439163,-43.786034,-9.599594,3.207522,55.027955,-45.561129,10.883953,-30.219298,-7.781384,-1.793254,81.989563,-14.128525,5.961975,2.303533,-9.398855,21.926456,-20.156667,27.474193,-22.606265,53.424801,10.361406,-0.330719,3.296445,-4.911661,-18.720780,16.192995,71.798764,1.382976,3.316509,2.734834
129.000000,37.770373,36.641029,101.340365,-3.075705,-9.022337,178.079058,-40.676741,-9.629873,1.880756,52.845881,-46.232926,10.659166,-37.165057,-8.098811,-2.628235,85.393675,-20.349591,2.988294,0.123955,-8.009761,21.682654,-22.543779,27.701982,-21.767977,51.445559,11.126824,-0.591175,3.094487,-2.273387,-18.339425,14.282919,74.520383,0.945668,3.471125,3.404167
130.000000,36.127588,36.484838,102.022588,-2.041199,-8.742766,178.656763,-37.601486,-9.379740,0.609559,51.013320,-47.159181,10.440490,-43.578946,-8.653882,-4.094818,86.419795,-25.210804,0.907527,-1.711130,-6.477575,21.557639,-24.658001,27.770038,-21.770617,49.872201,11.383659,-0.553245,3.905308,0.292772,-18.122462,12.927539,76.610735,0.883091,3.589157,4.139293
131.000000,34.473801,36.402392,102.705824,-1.401311,-8.446852,179.457608,-34.186719,-9.561549,-0.692191,48.211730,-47.444990,10.361785,-49.295193,-9.326402,-5.428381,85.041702,-28.357960,0.008723,-3.709530,-5.007517,21.513081,-26.930837,27.522995,-22.137258,49.256244,11.279077,-0.743570,5.310274,2.558224,-17.966355,11.443765,78.415285,0.886811,3.792807,4.102853
132.000000,32.842073,36.432227,103.226733,-0.961891,-7.907750,-179.701524,-30.954014,-9.771002,-1.949177,46.104098,-47.905069,10.049406,-54.017743,-9.316226,-6.219144,82.019166,-30.454905,0.305500,-5.490814,-3.866002,21.621543,-28.592048,26.944302,-22.382986,49.056539,11.318462,-0.883429,5.850789,4.601707,-17.471153,10.065227,80.339923,1.555646,3.980310,4.760511
133.000000,31.212398,36.525136,103.660369,-0.679706,-7.337671,-179.020787,-27.684729,-9.866494,-3.041623,43.999396,-48.278103,9.576717,-57.803734,-8.848056,-6.468258,77.919836,-31.901847,1.035896,-6.882130,-2.979422,21.721590,-29.805600,26.297200,-22.905722,48.927008,11.516536,-1.053011,5.803796,6.326888,-16.700641,9.003320,82.262880,1.867706,4.247862,5.159364
134.000000,29.551446,36.654037,103.994906,-0.609691,-6.681119,-178.469306,-24.329019,-9.941671,-3.853158,41.956561,-48.696493,9.147163,-60.676429,-7.895467,-5.905205,73.938471,-32.434571,2.160859,-8.057245,-2.525229,21.778155,-30.110004,26.177513,-23.593246,48.295315,11.898913,-0.900125,5.212729,7.966603,-15.672465,8.720741,83.777625,1.887942,4.462106,5.507204
135.000000,27.860689,36.765999,104.257309,-0.617841,-6.073753,-178.007685,-20.994169,-10.035415,-4.633809,39.826673,-49.064008,8.918632,-62.531201,-6.908708,-5.102322,70.395980,-31.268630,3.457273,-9.076694,-2.322352,21.906566,-30.208103,26.043076,-23.993386,48.070574,13.567205,-1.369455,4.176695,9.131440,-14.548926,8.691746,84.950177,1.140223,4.673211,6.122887
136.000000,26.130021,36.937398,104.464984,-0.593117,-5.515042,-177.512028,-17.658483,-9.888982,-5.308940,37.615549,-49.464548,8.542360,-63.466336,-5.972270,-4.150817,68.186742,-29.268327,4.481583,-10.051510,-2.054846,22.035635,-29.562674,25.884050,-24.167853,47.480002,14.483462,-1.606051,3.102621,9.987475,-13.495877,8.725558,85.909040,0.459424,4.747235,6.070482
137.000000,24.345613,37.079841,104.569101,-0.879827,-5.253725,-177.366671,-14.623275,-10.078730,-5.841793,35.495120,-49.638383,8.605985,-63.660594,-6.483108,-4.503851,66.765044,-27.694271,3.646811,-10.575816,-1.992714,22.119933,-28.868515,25.446575,-24.347333,47.206429,14.939220,-1.697917,2.097783,10.406490,-12.771453,8.752980,86.354109,0.450071,4.963234,7.099910
138.000000,22.541386,37.199754,104.616976,-1.074812,-5.225724,-177.224142,-11.935720,-10.192206,-6.384887,33.576896,-49.581743,8.842796,-63.389613,-6.518650,-4.129946,67.388572,-22.135827,2.778280,-11.005031,-1.692046,22.310709,-27.855381,25.039697,-24.337617,46.877798,15.475474,-1.862602,1.164599,10.571247,-12.338224,8.910305,86.152591,0.990178,5.009796,7.670311
139.000000,20.628971,37.411758,104.623675,-1.172286,-5.191507,-176.823374,-9.127806,-10.093469,-7.116599,31.512160,-49.452424,8.055692,-61.686601,-7.255636,-5.135384,68.585816,-26.797974,1.510211,-11.205802,-1.258299,22.382486,-27.095603,24.281543,-24.614195,47.511110,16.080936,-1.996784,0.061206,10.908739,-12.025381,8.281397,85.690399,1.127191,4.786166,7.243407
140.000000,18.818113,37.677214,104.658854,-1.093143,-5.591793,-176.790178,-7.229329,-9.601100,-7.402044,30.270152,-49.125456,7.427328,-60.357221,-7.500303,-6.015533,69.774597,-31.771943,-0.473444,-11.528120,-0.581360,22.515541,-25.602559,23.818058,-23.865460,47.820695,16.799610,-2.022727,-1.504299,10.493783,-12.314570,8.001977,85.156722,0.665532,4.630298,7.033020
141.000000,17.108120,37.964422,104.797184,-0.470852,-6.227598,-177.177344,-6.127771,-8.316991,-7.152864,29.914907,-48.542271,6.126095,-59.109386,-6.492407,-7.013752,69.730788,-35.882003,-2.376453,-11.586753,0.713039,22.860068,-24.006749,23.166371,-22.951951,48.726877,17.361053,-1.970487,-2.717016,9.306506,-13.000919,8.035963,84.849698,0.468015,4.447172,6.504429
142.000000,15.528031,38.235143,104.977632,0.231924,-6.877285,-177.478989,-6.017486,-6.984280,-6.684809,31.388209,-47.970884,4.683561,-58.253775,-5.318635,-7.694519,70.056936,-38.360771,-3.594951,-11.203472,1.938937,23.198978,-23.078000,22.184719,-22.939096,50.940685,17.279670,-1.448263,-3.820848,8.070137,-13.648205,8.637939,84.126682,0.863084,4.511497,6.068904
143.000000,14.000826,38.514122,105.296123,1.327228,-7.630844,-177.418972,-6.635022,-5.343517,-6.601112,33.973552,-47.076765,3.115380,-57.221307,-4.271947,-8.892997,69.883490,-39.902833,-4.380879,-11.285039,3.557099,23.921240,-22.058031,21.141025,-23.293271,53.583097,17.025799,-1.082210,-2.284783,6.276273,-14.726214,9.397955,82.778922,2.109360,4.251795,5.100361
144.000000,12.422246,38.772690,105.717528,2.464759,-8.217142,-177.627705,-7.138156,-3.565597,-6.261636,36.969143,-45.736723,1.793947,-55.717408,-2.715061,-9.799245,69.089740,-41.219546,-5.164705,-10.801901,5.322603,24.529586,-21.592513,20.215214,-23.571507,56.892303,16.818067,-0.488821,-2.664184,4.444092,-15.974020,9.565470,81.260666,2.639018,4.131616,4.939461
145.000000,10.842361,39.059299,106.292808,3.226664,-8.835579,-178.050748,-7.745984,-2.321282,-6.044767,39.878230,-43.168855,0.626192,-54.082032,-1.241671,-10.409042,67.738948,-42.215985,-5.719666,-9.990063,6.801191,24.500735,-20.178641,19.489759,-23.718858,59.232924,16.758579,0.107159,-3.721473,3.134080,-17.446502,9.513428,78.730225,2.679594,3.638197,4.288404
146.000000,9.333614,39.355642,107.015061,3.511543,-9.442461,-178.806660,-8.581970,-1.749720,-5.770677,42.515223,-39.156781,-0.729160,-52.376472,0.273802,-10.361613,65.915506,-42.762821,-6.286999,-8.978201,7.615425,24.331381,-18.208553,19.138402,-23.014085,60.646773,16.600268,0.585717,-4.212133,1.207260,-18.894834,10.202435,75.698017,2.906498,3.265307,2.677265
147.000000,7.896642,39.662921,107.737970,3.482489,-9.802923,-179.918517,-9.939821,-1.505285,-5.213236,46.344189,-34.436776,-1.972156,-50.613945,2.045563,-9.497193,64.264553,-42.775422,-6.713226,-7.884242,7.847887,23.872513,-15.186731,19.189872,-21.986113,61.217169,15.937709,0.695853,-3.896409,-1.022876,-20.098347,11.274114,72.640797,2.579198,2.884058,0.860626
148.000000,6.486452,39.921668,108.419883,3.469463,-9.760828,179.133860,-11.921864,-1.440612,-4.877322,51.979973,-29.918848,-3.078524,-48.442714,3.509961,-8.698182,62.756789,-42.652694,-6.944717,-6.393879,7.928731,23.388163,-12.416269,19.322060,-21.617135,62.003740,15.187539,0.610298,-4.236579,-3.289081,-21.039025,12.187171,69.579499,2.598043,2.595738,-0.025283
149.000000,5.109551,40.179148,109.009516,3.712554,-9.437973,178.399904,-14.803076,-1.222152,-4.798307,59.587977,-25.714407,-4.090982,-45.818603,4.622658,-8.656455,60.782564,-43.570439,-7.657716,-4.715338,8.215643,22.908067,-9.746686,19.837127,-21.407592,62.168949,14.548761,0.898607,-3.966686,-5.753330,-21.778601,12.589190,66.673260,2.798950,2.367243,-1.384247
150.000000,3.762519,40.412551,109.556866,3.779795,-9.213909,177.785344,-18.836917,-1.201601,-4.723434,67.631235,-22.798403,-3.972186,-43.513397,5.784799,-7.984061,59.250170,-44.097761,-8.382701,-3.279067,8.281855,22.081812,-7.344426,20.166663,-20.670622,62.399816,13.569607,1.426630,-3.227740,-8.882461,-22.269557,13.306715,64.393077,3.494243,2.338596,-2.516475
151.000000,2.432126,40.663904,110.049212,3.247258,-8.731967,177.454861,-23.184541,-0.746039,-3.569172,74.413483,-26.248074,-2.656707,-41.088308,5.918513,-7.219605,58.187864,-45.279783,-8.363040,-1.639857,7.806514,21.234310,-5.122152,20.569533,-20.689550,62.743532,13.174518,1.575578,-3.260297,-11.750372,-22.739745,13.972951,62.358541,4.017053,2.128695,-3.179526
152.000000,1.144782,40.935978,110.507441,2.587518,-8.174918,177.316675,-28.380083,0.138788,-2.275608,79.712221,-29.640740,-0.845934,-38.624252,5.861519,-6.368989,57.276204,-46.197511,-8.312360,-0.012261,7.060513,20.603858,-3.357875,21.271946,-20.304266,62.832345,12.735753,1.882027,-3.412379,-15.310769,-23.262646,14.951074,60.958400,3.965388,2.155935,-3.786750
153.000000,-0.072592,41.202721,111.008394,1.670916,-7.795717,177.486945,-34.309017,1.399585,-0.612685,82.428738,-32.918315,1.205882,-36.251181,5.257902,-5.669648,56.006882,-47.032297,-8.100014,1.471315,6.004404,20.473231,-2.746263,21.761724,-19.320175,63.403765,11.612650,2.182117,-3.752117,-19.644869,-23.699568,15.687906,59.976950,3.891570,2.487623,-4.490571
154.000000,-1.281099,41.425121,111.423647,0.693922,-7.163544,177.719563,-40.054989,1.993698,0.642885,83.025840,-35.848265,3.141940,-33.751001,4.312949,-5.145221,55.041137,-48.065650,-7.535380,2.712137,4.854491,20.438837,-2.064659,21.925974,-18.656134,64.187516,10.378625,2.417350,-3.451695,-23.651702,-23.990619,17.015395,59.126905,3.779240,2.540731,-4.896645
155.000000,-2.547410,41.580546,111.841702,-0.164194,-6.245497,177.505474,-45.095962,2.064341,1.611149,81.275713,-37.664750,3.732764,-30.826382,3.576922,-4.457384,53.718437,-48.646807,-6.344907,4.286601,3.760440,21.204737,-1.871776,21.972659,-18.630716,64.769407,7.862916,2.798690,-1.449679,-27.905303,-24.229343,18.616623,58.454405,3.140808,1.932026,-4.943122
156.000000,-3.826462,41.674688,112.197673,-0.727551,-5.178169,176.914661,-49.327893,2.030969,2.108533,78.109067,-38.896445,3.847081,-27.791749,3.229942,-3.708276,52.404353,-49.200223,-5.441310,6.633055,3.201281,22.043121,-1.925764,22.092725,-20.170488,65.245730,5.449600,3.253847,0.465621,-30.764234,-24.644438,20.323370,56.933107,4.016865,1.699116,-4.610449
157.000000,-5.133360,41.739359,112.480450,-0.809701,-4.518170,176.747887,-53.351878,2.260874,2.279712,74.017230,-39.510083,3.337306,-24.976127,3.142937,-3.524072,50.766556,-49.731038,-4.881126,8.148113,3.066743,22.277311,-1.583515,21.899318,-20.199791,65.708332,5.230250,3.273857,0.819711,-33.326679,-24.839332,21.677388,55.397438,3.500786,1.526304,-4.453047
158.000000,-6.499612,41.742200,112.683022,-0.731236,-3.890982,176.440097,-56.608943,2.437065,2.212355,70.042169,-38.813547,2.816243,-22.158221,3.326392,-3.126071,48.969420,-50.000308,-4.736936,9.325344,3.103896,22.461746,-0.932204,21.481674,-20.103173,66.148333,5.114866,3.186723,1.019380,-35.462274,-24.949648,23.285626,53.833662,2.362274,1.275300,-4.021395
159.000000,-7.961281,41.725045,112.865829,-0.276156,-3.285458,176.197606,-59.030818,2.259273,1.211074,66.739916,-37.517047,1.766080,-18.978147,3.875299,-2.922894,46.551021,-50.000308,-4.911474,10.434121,3.440335,22.682761,-0.407765,21.073917,-20.193743,66.695991,5.068750,3.199563,0.937448,-36.647329,-25.019521,24.579165,51.898192,1.276960,0.665863,-3.618975
160.000000,-9.568836,41.689306,112.965858,0.236720,-2.776143,175.665600,-60.689366,2.217840,0.001753,64.957237,-35.040711,0.840393,-15.890092,4.610090,-2.419217,44.286100,-50.000308,-5.156117,11.542121,3.702699,22.922701,0.019980,20.738411,-20.565691,67.085346,4.780515,3.483367,0.852167,-37.426080,-24.521440,25.384716,50.285157,1.247248,1.179364,-2.330490
161.000000,-11.343444,41.615808,112.986302,0.728626,-2.448636,175.017433,-61.541104,2.322333,-1.128329,64.531675,-31.285275,0.013177,-12.978316,5.344925,-1.658673,42.272693,-50.000308,-5.472164,12.614063,3.877558,22.710393,0.609134,20.273721,-20.611732,67.698984,4.989377,3.611958,0.421972,-37.179459,-23.785362,25.935468,48.936997,1.212959,1.115464,-1.753328
162.000000,-13.234025,41.520584,112.923002,1.296941,-2.334637,174.265483,-61.847561,1.938288,-3.057369,66.313357,-28.261530,0.245519,-10.257547,6.131434,-0.839067,40.418245,-50.000308,-5.848658,13.517575,3.903309,22.225253,1.320620,19.988016,-20.874381,68.136827,4.430558,4.027947,0.061447,-36.282723,-22.530596,26.336023,48.147667,1.468505,1.240766,-1.551665
163.000000,-15.240505,41.349846,112.683260,2.228384,-3.581660,173.784457,-63.016473,2.714767,-3.981254,70.320848,-32.520645,1.732715,-9.489715,7.194855,-0.473872,39.780917,-50.000308,-5.350882,13.918769,4.312052,20.183325,2.853950,19.247770,-21.067970,68.256683,4.475109,4.075541,0.474011,-34.141151,-21.119725,26.833397,47.857428,1.366384,1.234291,-1.828875
164.000000,-17.196995,41.135323,112.681401,0.664826,-1.845509,173.533153,-59.428950,1.665090,-1.718549,72.140922,-36.998028,3.471428,-5.858581,4.972570,0.802815,40.617929,-50.000308,-3.753939,14.306197,2.043415,22.572184,1.640823,19.835761,-21.019135,69.036561,4.365184,4.344434,0.031219,-33.671036,-20.065921,25.962681,48.851528,1.628155,1.845508,-0.859013
165.000000,-19.008434,40.872213,112.689209,-0.319081,-2.170842,173.933166,-58.467212,0.411745,-0.209902,72.907919,-40.213644,5.595333,-5.238209,3.269670,0.663586,42.261608,-50.000308,-2.292188,14.005825,0.512338,22.943463,0.672782,19.719571,-21.475938,69.513622,4.079908,4.326076,0.523518,-32.268406,-19.201595,25.641363,50.528107,2.197971,1.975935,-0.798921
166.000000,-20.910615,40.610573,112.853432,-1.983104,-2.075597,174.155186,-56.492228,-1.532221,1.359133,73.043942,-43.251285,7.357288,-4.635983,0.649986,0.632777,45.243320,-50.000308,-0.680545,14.030919,-1.527780,24.033667,-0.734940,19.910176,-22.073136,69.354547,4.221563,4.510156,0.647979,-30.582326,-18.449943,25.025673,53.274693,2.344345,2.077718,-1.177241
167.000000,-22.732569,40.331388,113.298118,-3.736560,-2.537995,174.335530,-54.847775,-3.291803,3.079105,72.240732,-45.084392,8.636261,-4.506651,-2.035766,0.745030,47.468094,-47.731947,1.633891,13.957545,-3.653338,24.733959,-2.719838,20.057501,-22.808404,68.861448,4.133471,4.248912,0.588391,-28.826646,-17.949023,23.950081,57.206154,2.766005,2.493301,-0.748845
168.000000,-24.465032,40.011552,114.069378,-4.453510,-3.370232,174.649225,-53.211736,-4.554563,3.749285,70.691263,-46.105239,9.328671,-4.641723,-3.385783,0.655167,48.702715,-42.716949,3.686793,13.490880,-4.964470,24.549633,-4.219396,20.364231,-23.151131,67.836927,4.545562,3.652784,1.103658,-26.536728,-16.983556,22.383829,61.854043,3.178828,2.780271,-0.689523
169.000000,-26.104245,39.686608,115.047181,-4.529117,-4.283325,175.168440,-51.430256,-5.687148,3.542226,68.561985,-46.616683,9.996807,-5.422156,-3.692244,0.649665,50.306645,-35.964351,5.372745,12.638340,-5.483576,24.161311,-5.937438,20.308164,-23.348011,66.890809,4.450731,3.073021,1.708945,-23.736601,-16.253892,20.709086,66.264556,3.349064,3.155652,-0.515438
170.000000,-27.601257,39.383689,116.096282,-4.515334,-5.123701,175.931903,-49.577457,-6.975947,2.973801,65.990037,-46.487818,10.596085,-7.124108,-4.207841,0.163666,53.105363,-28.435727,6.888948,11.419964,-5.773258,23.768944,-7.769263,20.259005,-23.857958,65.608639,4.164462,2.708382,2.130431,-20.554865,-15.985416,19.103959,69.947032,3.629694,3.464454,-0.060668
171.000000,-28.954235,39.086094,117.117977,-4.716501,-5.735614,176.805411,-47.432245,-8.362171,2.603681,62.936396,-46.094775,11.185037,-9.898741,-4.843857,0.115779,57.863641,-21.284965,7.860044,9.970692,-6.094454,23.631065,-9.740231,20.329870,-24.629812,64.036999,4.615117,2.391919,2.670138,-17.357498,-16.010428,18.096504,72.969144,3.789317,3.623222,0.765287
172.000000,-30.272725,38.739046,118.066275,-5.354649,-6.308417,177.458511,-44.976826,-9.856726,2.709367,59.246919,-45.930908,11.140834,-13.797335,-6.019070,0.610076,63.992001,-14.278559,8.926805,8.465905,-6.618642,23.126611,-11.378360,19.907981,-23.086352,62.975751,7.806273,1.485339,0.066164,-13.491973,-16.453504,16.660329,74.378759,2.352178,4.432649,2.790113
173.000000,-31.495127,38.464850,118.972588,-5.359000,-6.888106,177.932853,-42.806684,-10.761556,2.090793,56.072957,-45.332608,11.583123,-18.227603,-6.870909,0.473295,69.829088,-10.225789,8.448933,6.725758,-6.701219,22.516164,-12.982920,20.487970,-23.411935,60.821496,9.081057,1.099423,0.016202,-10.784351,-16.775069,16.812850,75.994454,1.085749,4.302690,3.742321
174.000000,-32.628620,38.211754,119.804597,-4.831149,-7.232846,177.959041,-40.505337,-10.727352,1.397762,53.236164,-45.213520,11.485283,-22.719849,-8.068055,-0.584994,74.691479,-13.076640,6.496025,5.087862,-6.259371,22.198707,-14.257658,21.414298,-23.191344,58.236201,10.154694,0.537505,0.491666,-8.537890,-17.073608,16.508863,76.980876,-0.229461,3.858596,3.557206
175.000000,-33.719701,38.032842,120.516491,-4.158612,-7.323978,178.006475,-38.207388,-10.379881,0.679835,50.857186,-45.402426,10.733870,-26.994147,-8.256096,-1.084351,78.003055,-20.407048,4.892295,3.390648,-5.695731,21.471166,-15.367152,21.633878,-23.068213,57.203073,10.379544,-0.218389,1.712848,-6.118915,-17.216484,15.178659,77.755440,-1.232497,3.512717,3.328352
176.000000,-34.771353,37.923056,121.248055,-3.201711,-7.618758,177.851181,-35.983011,-9.568619,-0.157128,48.258753,-45.029695,9.846092,-31.271823,-8.076140,-1.921807,78.987566,-26.931084,2.561407,1.848330,-4.632141,20.754141,-16.002145,22.262069,-21.950539,55.326527,10.136305,-0.453765,2.092912,-4.213182,-17.592378,13.420905,78.398373,-0.166383,3.367790,3.276170
177.000000,-35.765961,37.861708,121.909428,-2.038962,-7.767592,177.384299,-33.737327,-8.181134,-0.816052,45.919676,-44.997225,8.860285,-35.097590,-7.742223,-3.157518,77.883076,-33.112040,-0.104525,0.485590,-3.208863,20.256155,-16.175845,22.675427,-20.938421,53.685953,9.324089,-0.203973,2.656598,-2.509777,-18.002424,11.802610,78.712500,0.893934,3.406189,2.855754
178.000000,-36.660022,37.860999,122.508407,-0.919902,-7.873743,176.773452,-31.769023,-6.571975,-1.137367,44.045175,-45.247360,7.918763,-38.218238,-6.556358,-3.899740,74.417746,-37.698075,-1.767866,-0.498222,-1.876797,20.107954,-16.426619,23.133772,-20.139527,52.546865,9.136140,-0.448671,3.289728,-1.252506,-18.224552,10.609522,78.902871,1.436691,3.413977,2.470553
179.000000,-37.560633,37.928304,123.010242,0.013201,-7.809530,176.558599,-29.802728,-5.347765,-1.458249,42.326518,-45.482155,7.257377,-40.095591,-3.947043,-3.116588,69.307343,-40.244520,-1.730262,-1.656683,-0.682824,19.851581,-16.003456,23.668019,-19.266229,51.162697,9.157859,-0.252765,2.343726,-0.007819,-18.460868,10.129732,79.089697,1.543257,3.463544,2.748252
180.000000,-38.490352,38.016564,123.421633,0.749543,-7.420896,176.723320,-27.678326,-4.612363,-1.988342,40.924974,-45.662021,6.500657,-40.213104,-0.775740,-1.012363,63.066709,-40.559016,-0.126198,-2.835879,0.093768,20.096949,-16.067433,23.840905,-19.575945,50.974883,9.624759,-0.435698,2.573950,0.684124,-18.399100,10.256092,79.442907,1.755447,3.643030,2.816890
181.000000,-39.565969,38.130414,123.701847,0.887457,-6.961244,177.494028,-25.501403,-4.864890,-2.726211,39.487731,-45.728680,6.159334,-38.679556,0.535096,0.726912,58.268351,-38.206453,1.288196,-3.963563,0.370057,19.950194,-16.020996,23.821555,-20.777130,51.257571,10.946363,-0.923815,3.279978,1.862501,-18.054458,9.989329,79.562790,1.655932,3.691220,2.473661
182.000000,-40.547943,38.321269,123.843837,0.732966,-6.494778,178.339012,-23.566700,-5.438168,-3.550133,38.318191,-45.931974,6.341690,-36.344120,0.256618,1.040181,56.230560,-37.722076,0.251326,-4.923101,0.146211,19.414485,-15.551808,24.192300,-21.791008,51.295076,11.073856,-0.851936,2.257148,2.963067,-17.532534,9.975483,79.707092,1.604862,3.849251,2.979660
183.000000,-41.561568,38.595611,123.871231,0.215300,-6.441309,179.346458,-22.268502,-6.359359,-4.331672,37.447865,-46.231631,6.540864,-34.030229,-0.692484,0.910931,55.064200,-39.832243,0.163321,-5.217755,-0.208978,18.234841,-15.285103,24.143745,-22.413208,51.579256,11.496107,-0.570141,0.380002,4.478822,-16.780076,9.209682,79.657389,1.684858,4.080413,3.319036
184.000000,-42.427048,38.814628,124.011588,-0.068465,-6.203757,179.323394,-20.593560,-6.414876,-4.259454,36.178843,-46.295367,6.604250,-31.763289,-0.986451,0.762931,52.973916,-41.542536,-0.237916,-4.608686,-0.161471,17.797660,-14.274498,23.368871,-21.585734,51.632849,12.507559,-0.433889,0.678221,5.069299,-16.257230,8.444832,79.753134,1.743977,4.143848,3.357690
185.000000,-43.263003,39.040142,124.180579,-0.221274,-6.286701,178.885545,-19.242630,-6.139611,-4.010070,34.883648,-46.244581,6.287337,-30.172487,-0.759804,0.896101,51.109541,-42.695605,-0.510807,-3.604308,-0.010072,17.226275,-13.380364,22.366549,-20.467804,52.370936,11.597473,-0.238027,1.499275,5.242387,-15.902914,8.327344,79.632868,1.994782,4.114142,3.120538
186.000000,-43.923008,39.232630,124.381244,-0.031522,-6.219756,178.220563,-17.921322,-5.432894,-3.762190,33.824347,-46.157172,5.989229,-28.642333,-0.070638,1.009239,49.282438,-43.093170,-1.050293,-2.509317,0.642850,16.642063,-12.216448,21.248396,-19.365652,53.403350,10.660101,0.232047,0.166637,5.368702,-16.062648,8.582569,79.145042,1.670617,4.019816,3.674004
187.000000,-44.532678,39.416787,124.541068,0.183704,-6.295797,177.994266,-17.019353,-4.773727,-3.473323,33.003973,-46.052072,5.693155,-27.361364,0.450069,0.997041,47.733798,-43.314918,-1.427246,-2.180552,1.216362,16.046483,-11.006337,20.236688,-18.967712,54.719839,10.284487,0.461373,-0.168027,4.956443,-16.361322,8.880395,78.360903,1.151962,4.173042,3.585273
188.000000,-45.107886,39.593861,124.672508,0.531618,-6.037264,178.107835,-15.900708,-4.177082,-3.545681,32.445379,-46.088600,5.312138,-25.661622,0.766669,0.589731,46.131091,-43.654013,-1.773709,-2.454556,1.845528,15.581878,-9.424627,19.749615,-18.837831,55.890263,10.447828,0.689349,-0.859170,4.417831,-16.870711,8.883849,77.558301,1.544635,4.006405,2.868448
189.000000,-45.642826,39.760926,124.751329,0.777972,-5.903023,178.373931,-15.154436,-3.856728,-3.908358,32.194008,-46.238161,5.122518,-24.269568,0.972243,0.218436,44.821166,-43.996465,-2.135376,-2.368535,2.310089,15.299554,-8.872014,19.522661,-20.092595,57.423552,10.356183,1.252089,-1.848361,4.004330,-17.295340,8.639392,76.271978,2.923382,3.981590,2.459066
190.000000,-46.079195,39.900887,124.791026,0.895983,-5.567159,178.450591,-14.278439,-3.721564,-4.215730,32.121454,-46.403895,5.058754,-23.018801,1.199390,0.178652,43.938610,-44.393361,-2.269096,-2.264409,2.582976,15.248370,-8.548476,18.976624,-21.749930,59.742285,11.530524,1.192648,-1.914003,3.552477,-17.752338,8.055372,74.873934,3.984904,3.841228,1.647525
191.000000,-46.503744,40.033790,124.778831,0.859194,-5.203810,178.412940,-13.349589,-3.533491,-3.952778,31.723982,-46.755995,5.106054,-21.952368,1.326015,0.284590,43.468410,-44.702946,-2.015818,-2.471138,2.873223,14.676284,-6.907603,18.509994,-22.184236,60.843243,13.438094,1.387421,-3.593531,3.320122,-18.575594,8.153113,73.761467,4.407309,3.613967,1.540784
192.000000,-46.826854,40.198356,124.740839,0.737381,-4.901151,178.370907,-12.618109,-3.502675,-3.877133,31.538757,-47.059324,5.020881,-21.352228,1.369246,0.410428,43.536008,-45.431970,-2.403971,-2.274197,2.892434,14.176961,-6.036209,18.280754,-22.565594,61.975900,14.026313,1.846849,-5.014794,2.993044,-19.050543,8.342744,72.868925,4.655950,3.513562,1.423039
193.000000,-47.168118,40.382540,124.690711,0.652155,-4.844412,178.490794,-12.334651,-3.463043,-3.943252,31.712859,-47.325216,4.950911,-20.992911,1.446661,0.414691,43.656547,-45.972122,-2.682899,-2.345760,2.805767,13.269592,-4.622071,18.170972,-22.103501,62.619857,13.803613,2.241491,-4.493320,2.955847,-19.229699,8.471253,71.898765,4.522876,3.293819,0.388216
194.000000,-47.463965,40.553600,124.627542,0.445421,-4.841109,178.462998,-12.092998,-3.513846,-3.842321,31.774511,-47.559072,5.022651,-20.881726,1.420375,0.540320,44.045585,-46.551848,-2.986411,-2.088549,2.550836,12.407883,-3.551011,18.195627,-21.193510,63.030106,13.347614,2.708592,-4.774205,2.923890,-19.369110,8.451609,70.838481,4.376711,3.304034,0.221263
195.000000,-47.743687,40.702507,124.614978,0.274860,-4.702430,178.614200,-11.567216,-3.611316,-3.837041,31.493811,-47.614615,5.020670,-20.407089,1.261538,0.431547,44.067032,-46.931849,-3.101269,-1.898293,2.381553,12.102918,-2.670945,18.589644,-20.037239,62.601723,12.918936,3.294773,-5.609134,2.696184,-19.623115,8.750651,69.668414,4.734571,3.266064,0.304904
196.000000,-48.068088,40.823901,124.641824,0.367074,-4.604673,178.924667,-11.061766,-3.486278,-4.113310,31.228666,-47.621722,4.961422,-19.680931,1.330808,0.161780,43.564367,-47.122431,-3.237371,-1.666688,2.535315,11.610370,-2.260326,18.702788,-19.663886,62.825972,12.461777,3.584176,-5.808929,2.863922,-19.730443,8.921388,68.257618,4.762860,3.085915,-0.661919
197.000000,-48.317999,40.949395,124.638879,0.331963,-4.314714,179.252249,-10.535630,-3.504512,-4.315617,31.200933,-47.745792,4.885021,-18.978977,1.249030,-0.082326,43.430031,-47.399986,-3.260654,-1.580739,2.442147,11.491737,-2.174830,18.688072,-19.517023,63.250700,11.860035,3.694396,-5.397613,2.791802,-19.802293,9.215567,66.976883,4.486372,3.076351,-0.824866
198.000000,-48.522949,41.064307,124.636102,0.349556,-4.084644,179.409042,-10.040749,-3.394717,-4.403033,31.070404,-47.848545,4.891595,-18.391835,1.320678,-0.168712,43.223636,-47.597748,-3.378572,-1.164546,2.429116,11.367472,-2.234919,18.787726,-19.373039,63.229943,11.741451,3.719044,-5.693965,2.986377,-19.894915,9.490217,65.693265,4.058507,2.888412,-0.960300
199.000000,-48.655131,41.166240,124.599421,0.393101,-4.056926,179.459946,-10.064368,-3.249454,-4.405614,31.437250,-48.071046,4.864024,-18.289356,1.461205,-0.231672,43.323596,-47.769141,-3.513874,-0.770454,2.391495,10.903804,-2.148058,19.001383,-19.173396,62.862022,11.913079,3.717726,-5.859811,3.053938,-19.914523,9.872332,64.680293,3.511080,2.700737,-0.757836
200.000000,-48.791367,41.262552,124.607968,0.518089,-3.677309,179.793811,-9.527330,-3.109321,-4.716525,31.401880,-48.154299,4.653800,-17.524527,1.525736,-0.599399,43.049542,-47.800133,-3.709685,-0.665122,2.417510,10.995863,-2.265574,19.245965,-19.233089,62.244415,11.749181,3.715202,-5.559570,2.890635,-20.014421,10.316168,63.487476,3.175110,2.665004,-1.163870
201.000000,-48.915556,41.349941,124.551129,0.485603,-3.671874,-179.972166,-9.650041,-3.146397,-4.901566,31.831919,-48.434869,4.677913,-17.496979,1.460565,-0.777462,43.296706,-48.092188,-3.833147,-0.497496,2.322692,10.613452,-2.267927,19.165675,-19.160453,61.663938,11.587612,3.484147,-5.046362,2.662594,-19.950513,10.733261,62.877820,3.040833,2.548082,-1.263925
202.000000,-49.026275,41.425821,124.534369,0.520363,-3.752278,-179.749711,-9.750601,-3.112879,-5.078249,31.988757,-48.520482,4.636399,-17.494961,1.487578,-0.973160,43.412433,-48.206512,-3.914740,-0.195248,2.228443,10.482882,-2.618364,19.310893,-18.907818,60.717875,11.640087,3.485166,-4.915722,2.406978,-19.708924,10.779048,62.233433,3.152888,2.325542,-1.766987
203.000000,-49.182254,41.473761,124.548936,0.521634,-3.521118,-179.492307,-9.189174,-3.128283,-5.302620,31.598829,-48.465639,4.618847,-16.927000,1.414219,-1.177747,43.165378,-48.310116,-3.882454,0.134649,2.141470,10.554206,-3.006139,19.371139,-18.566928,59.723639,11.423094,3.333364,-4.692458,2.220020,-19.575110,10.604458,61.644595,2.927884,2.227088,-1.786481
204.000000,-49.301413,41.509941,124.510849,0.419200,-3.380693,-179.355488,-8.981770,-3.250138,-5.396790,31.674097,-48.647220,4.683928,-16.734308,1.250899,-1.266093,43.400559,-48.575667,-3.894955,0.517383,1.955711,10.369483,-3.295193,19.259919,-18.933933,59.026358,10.907932,3.081756,-4.190255,2.122886,-19.432523,10.795765,61.405559,3.094224,2.267425,-1.848656
205.000000,-49.441725,41.545871,124.530172,0.529234,-3.203834,-179.160330,-8.495648,-3.117123,-5.600617,31.305585,-48.590666,4.619028,-16.219321,1.367423,-1.412579,43.075947,-48.595331,-4.031239,0.728155,2.077543,10.238497,-3.360267,19.121424,-19.070556,58.020114,10.942832,2.888948,-3.849017,2.070695,-19.499758,11.009285,61.355050,3.177637,2.136256,-1.579239
206.000000,-49.547625,41.554439,124.498487,0.513069,-3.054783,-178.990924,-8.389118,-3.188016,-5.758159,31.567341,-48.831054,4.643674,-15.976065,1.315918,-1.495682,43.213377,-48.725128,-4.024879,0.843724,2.087300,10.248436,-3.256591,18.893668,-18.895044,56.934924,11.385353,2.643192,-3.564298,1.997832,-19.471628,11.401413,61.235228,2.941152,2.304071,-1.555044
207.000000,-49.685913,41.557613,124.516714,0.577194,-2.926109,-178.736413,-7.956722,-3.180583,-6.067998,31.182713,-48.691589,4.650244,-15.538687,1.280696,-1.746417,42.975653,-48.728779,-4.040861,1.132652,2.161567,10.151885,-3.387461,18.833386,-18.847608,56.108672,11.648430,2.642559,-3.892541,2.220360,-19.395454,10.851686,61.408346,2.499104,2.221687,-1.399902
208.000000,-49.774253,41.543999,124.487352,0.502332,-2.835293,-178.693846,-7.797142,-3.304592,-6.115157,31.215160,-48.824613,4.712861,-15.490785,1.153781,-1.786257,43.284203,-48.955661,-4.001954,1.320369,2.045948,9.968195,-3.182458,18.731570,-19.248913,55.733042,11.776428,2.395946,-3.242584,2.302845,-19.187694,11.079940,61.972950,2.694982,2.090899,-1.869518
209.000000,-49.831691,41.547716,124.465287,0.482211,-2.805306,-178.405662,-7.854052,-3.426828,-6.358412,31.433142,-48.949005,4.681259,-15.445330,0.994434,-2.064635,43.511461,-49.135968,-3.980429,1.399138,2.092979,9.725499,-3.050933,18.671927,-19.643204,55.717231,11.917534,2.274122,-3.460073,2.800031,-19.122627,11.061159,62.178067,2.700032,2.324621,-2.102618
210.000000,-49.948803,41.544634,124.484921,0.580083,-2.700640,-178.163409,-7.491439,-3.349688,-6.555876,31.118752,-48.810707,4.540752,-15.032989,0.995114,-2.352952,43.225542,-49.078953,-3.959665,1.256822,2.181827,9.754583,-3.133005,18.541235,-19.508402,56.196642,11.968310,2.153692,-3.522278,2.888004,-19.078709,10.856323,62.697995,2.429760,2.337008,-2.223310
211.000000,-49.987662,41.551954,124.442732,0.618201,-2.697551,-177.999782,-7.762782,-3.384917,-6.727533,31.690756,-49.090977,4.554777,-15.040290,0.988000,-2.483642,43.359106,-49.293677,-4.027723,1.104529,2.176991,9.643853,-3.010612,18.525553,-19.704505,56.755942,11.794010,2.307509,-3.968010,3.037128,-19.031532,10.816575,63.314276,2.329675,2.435044,-1.970427
212.000000,-50.078100,41.562399,124.451649,0.615818,-2.780850,-178.001015,-7.626015,-3.380195,-6.793750,31.360899,-49.031189,4.575402,-14.983982,1.014138,-2.461045,43.220317,-49.290948,-4.206165,1.068419,2.200009,9.314069,-2.632809,18.449803,-19.993733,57.381895,11.328703,2.381750,-3.713803,3.378206,-19.151642,10.896826,63.784111,2.416653,2.560228,-1.996509
213.000000,-50.088209,41.565910,124.406624,0.536079,-2.757242,-178.003902,-7.752068,-3.476008,-6.718814,31.698058,-49.233083,4.563528,-15.126135,0.912824,-2.465475,43.637949,-49.442954,-4.213176,1.039922,2.128706,9.344365,-2.301654,18.400383,-19.773142,57.878408,11.317874,2.735056,-4.014152,3.719707,-19.106069,10.508602,64.032771,2.395162,2.782348,-1.962217
214.000000,-50.120640,41.576052,124.421787,0.582282,-2.791523,-177.958963,-7.672698,-3.439267,-6.819392,31.519260,-49.141934,4.545724,-15.054987,0.985089,-2.478125,43.462997,-49.415777,-4.249310,0.907936,2.191618,9.309301,-2.016400,18.440742,-19.768610,58.598959,11.338280,3.018196,-4.375348,3.947278,-19.121490,9.915777,64.719041,2.283633,2.687961,-2.095378
215.000000,-50.151843,41.569808,124.429786,0.595673,-2.715432,-177.929977,-7.497715,-3.427291,-6.832640,31.371110,-49.134926,4.543393,-14.860618,0.978827,-2.510105,43.299069,-49.472546,-4.239544,0.710921,2.218222,9.394649,-1.662937,18.404066,-19.678571,59.409211,11.231182,3.209968,-4.515629,4.148470,-19.173058,9.769814,65.287845,2.575938,2.804134,-2.197236
216.000000,-50.159115,41.579491,124.401772,0.589334,-2.767484,-178.042633,-7.685245,-3.411605,-6.737571,31.686436,-49.300196,4.517409,-15.020674,1.019598,-2.420349,43.489642,-49.536913,-4.292475,0.631725,2.230367,9.369806,-1.344031,18.558333,-19.478065,60.258108,11.296043,3.482612,-5.456456,4.599921,-19.270938,9.377614,65.535091,2.442120,2.878616,-1.732210
217.000000,-50.212532,41.575351,124.446154,0.700213,-2.727238,-178.007873,-7.365838,-3.271281,-6.829850,31.219548,-49.130060,4.462161,-14.617138,1.127205,-2.483634,42.835207,-49.387032,-4.283531,0.346095,2.413894,9.412188,-0.899327,18.523202,-19.246450,61.089868,11.795512,3.503666,-5.592476,4.983951,-19.359997,8.889727,66.045750,2.088635,2.844475,-1.142742
218.000000,-50.169963,41.583627,124.419177,0.633579,-2.749818,-178.257741,-7.569076,-3.279327,-6.579491,31.566617,-49.262111,4.485254,-14.915327,1.192449,-2.229190,43.259683,-49.366046,-4.274214,0.367370,2.368655,9.498673,-0.702545,18.535648,-19.180810,61.854931,11.745807,3.766291,-5.787305,5.286160,-19.372003,8.939847,66.270532,2.183914,3.086736,-0.970720
219.000000,-50.168020,41.593176,124.452472,0.685287,-2.800877,-178.398845,-7.378996,-3.145373,-6.494344,31.085325,-49.056515,4.440449,-14.868420,1.329440,-2.151538,42.944415,-49.259259,-4.227691,0.218738,2.425999,9.696211,-0.508523,18.638347,-18.713706,62.260139,11.640463,4.004619,-6.144901,5.391915,-19.321978,8.672545,66.732171,2.210479,3.144220,-0.935853
220.000000,-50.158733,41.589853,124.433053,0.681458,-2.839434,-178.511751,-7.538968,-3.111159,-6.321651,31.356439,-49.203720,4.412541,-14.990262,1.368280,-2.044925,43.024974,-49.343595,-4.227844,0.028577,2.452263,9.643781,-0.072153,18.586140,-18.742147,62.642042,11.579830,4.110281,-6.194753,5.759543,-19.384739,8.511761,67.054638,2.153792,3.080930,-0.399588
221.000000,-50.103080,41.593885,124.426401,0.591242,-3.023569,-178.768050,-7.787884,-3.170913,-6.131381,31.396389,-49.212449,4.469051,-15.409132,1.336316,-1.842070,43.296590,-49.352382,-4.226038,-0.159557,2.395885,9.639811,0.071835,18.493138,-18.689423,63.059865,12.117268,4.032616,-5.847040,6.162227,-19.413576,8.219530,66.570056,2.036850,3.377270,-0.586738
222.000000,-50.088698,41.600934,124.447024,0.628701,-3.256008,-178.858652,-7.934364,-3.085896,-6.079986,31.135820,-49.033556,4.446440,-15.631317,1.433023,-1.785688,43.147623,-49.229773,-4.311673,-0.477138,2.474927,9.507582,0.460396,18.552696,-18.646893,62.829674,12.044337,4.100585,-5.650164,6.252537,-19.504326,8.322695,66.769320,1.995193,3.656097,-0.310180
223.000000,-50.042737,41.618061,124.422014,0.643374,-3.423200,-178.835278,-8.404357,-3.080568,-6.063666,31.637214,-49.162988,4.436757,-15.943661,1.467210,-1.779016,43.284435,-49.264812,-4.254726,-0.576992,2.469302,9.357041,0.428150,18.562091,-18.692809,62.800967,11.928797,4.122249,-5.700168,6.318120,-19.301541,8.445792,67.248765,1.974029,3.597500,-0.436757
224.000000,-50.000066,41.626248,124.410605,0.672028,-3.552285,-178.764169,-8.784669,-3.094657,-6.143341,32.001311,-49.254704,4.473579,-16.130246,1.453461,-1.889241,43.326622,-49.216584,-4.350093,-0.749198,2.509040,9.411304,0.126962,18.572662,-18.699426,62.611108,11.642465,4.211831,-5.952766,6.282794,-19.239092,8.440563,67.272958,1.773833,3.725764,-0.158780
225.000000,-49.974662,41.608125,124.438632,0.669462,-3.498454,-178.895683,-8.485065,-3.079269,-6.079658,31.519165,-48.967539,4.428843,-16.057362,1.504679,-1.745501,43.194615,-49.119698,-4.250117,-0.539619,2.596976,9.550687,-0.359569,18.473046,-18.443753,62.332743,11.680707,4.178852,-6.135783,6.359444,-19.223272,8.207347,67.474462,1.219431,3.769603,-0.131834
226.000000,-49.895257,41.635850,124.379516,0.756512,-3.349215,-178.918944,-8.717765,-3.085798,-6.312315,32.279792,-49.073287,4.342820,-16.099254,1.651141,-1.753186,43.493122,-49.211776,-4.370101,-0.522981,2.659701,9.453184,-0.352613,18.571599,-18.532668,61.724105,11.722800,4.165961,-6.392355,6.687131,-19.160045,8.168779,67.549820,1.049604,3.776897,0.066470
227.000000,-49.868339,41.648698,124.404931,0.830204,-3.333786,-178.789926,-8.688887,-2.986480,-6.380755,32.174559,-49.047469,4.368729,-15.953649,1.686150,-1.908100,43.179889,-49.141097,-4.384019,-0.708188,2.794047,9.510947,-0.494640,18.440162,-18.544056,60.975018,11.739942,3.972688,-5.835113,6.654264,-19.087099,7.819036,67.613600,0.683032,3.743648,-0.151442
228.000000,-49.867597,41.659299,124.426126,0.693686,-3.215225,-178.763579,-8.408504,-3.004868,-6.131819,31.792748,-49.177376,4.466240,-15.797167,1.530219,-1.849631,43.159299,-49.175549,-4.338322,-0.726781,2.686505,9.621734,-0.736834,18.410526,-18.532257,60.181063,11.879442,3.928320,-5.925505,6.742753,-19.086921,7.754091,67.469906,0.582199,3.688695,-0.102337
229.000000,-49.805114,41.670534,124.405324,0.686196,-3.129574,-178.698526,-8.598740,-3.045458,-6.179492,32.237837,-49.324600,4.483778,-15.806854,1.485279,-1.952282,43.306336,-49.194707,-4.407525,-0.760986,2.660664,9.764842,-1.000102,18.401366,-18.613659,59.465075,11.881856,3.690169,-5.455696,6.663135,-18.984816,7.721118,67.328474,0.671701,3.607770,-0.352952
230.000000,-49.782404,41.678831,124.430215,0.722069,-3.245582,-178.673492,-8.599961,-2.987841,-6.232843,31.906696,-49.173995,4.444663,-15.869813,1.534846,-1.965323,43.075575,-49.134004,-4.389930,-0.935477,2.651586,9.646932,-1.226587,18.406906,-18.419374,58.843145,11.570097,3.325935,-5.121963,6.274882,-19.023147,7.915324,67.423584,0.821610,3.597528,-0.424756
231.000000,-49.742010,41.690040,124.432290,0.752963,-3.074725,-178.642034,-8.466300,-2.963832,-6.300946,31.959261,-49.125309,4.333405,-15.702299,1.580005,-1.979728,43.071566,-49.131132,-4.408657,-1.005358,2.652955,9.798256,-1.401304,18.478271,-18.302947,58.023755,11.859378,3.280876,-5.146487,6.200785,-19.029455,7.899993,67.106376,0.721607,3.503680,-0.657253
232.000000,-49.620998,41.708541,124.387550,0.868508,-3.050169,-178.710960,-8.821188,-2.970184,-6.563621,32.671636,-49.073929,4.278595,-15.901855,1.780490,-1.934051,43.248194,-49.149461,-4.474219,-0.826036,2.721091,9.733199,-1.639162,18.415032,-18.729656,57.570080,11.857057,3.129639,-4.586983,6.185595,-19.064229,8.048183,66.824945,0.919463,3.569367,-0.752852
233.000000,-49.557242,41.717917,124.387360,0.813745,-3.192465,-178.682229,-9.098364,-3.009836,-6.530469,32.725376,-49.121491,4.337342,-16.155180,1.694506,-1.943795,43.343916,-49.107219,-4.458280,-0.807087,2.639879,9.464904,-1.840915,18.458193,-18.805389,57.206728,11.686005,2.936027,-4.420113,6.026421,-19.053952,8.242566,66.854670,1.146091,3.453461,-1.361542
234.000000,-49.436605,41.725436,124.385858,0.673569,-3.385174,-178.518566,-9.531120,-3.117326,-6.391064,32.796997,-49.311473,4.432567,-16.578642,1.422418,-2.064223,43.599386,-49.166963,-4.298292,-0.846049,2.522355,9.367419,-2.321872,18.455917,-18.999090,57.118932,11.531801,3.003606,-4.560288,5.876240,-19.083301,8.200043,66.665604,1.600542,3.195348,-1.730068
235.000000,-49.364221,41.720483,124.408388,0.704328,-3.411174,-178.456442,-9.564713,-3.091195,-6.424131,32.653659,-49.127464,4.384371,-16.630112,1.408251,-2.162608,43.514889,-49.099788,-4.295158,-0.826128,2.622615,9.418953,-2.614712,18.408012,-18.981623,57.036615,11.402155,3.154563,-4.678139,5.738159,-19.246802,8.085412,66.315147,1.838386,3.175265,-1.828263
236.000000,-49.221024,41.729912,124.379349,0.673250,-3.508568,-178.539944,-9.993256,-3.139587,-6.375052,33.061476,-49.232219,4.414640,-17.017628,1.433182,-2.062581,43.806665,-49.107838,-4.309227,-0.629044,2.627901,9.389542,-2.751175,18.394454,-19.261758,57.034412,11.415470,3.095020,-4.325482,5.676954,-19.320633,8.151766,66.071514,2.153005,3.242920,-1.715897
237.000000,-49.228168,41.734207,124.412346,0.677474,-3.549705,-178.437039,-9.866255,-3.121726,-6.451621,32.656985,-49.073106,4.388429,-16.971748,1.421596,-2.098410,43.635900,-49.004729,-4.324757,-0.452996,2.632710,9.377578,-2.721507,18.545333,-19.701657,56.998103,11.398869,2.980676,-3.958134,5.921820,-19.330323,7.811435,65.688798,2.267161,3.126695,-1.907621
238.000000,-49.185699,41.718733,124.418652,0.638605,-3.408712,-178.546528,-9.665141,-3.128685,-6.325223,32.560991,-49.008796,4.384993,-16.885235,1.412202,-1.990323,43.688683,-48.985779,-4.312287,-0.277920,2.641495,9.480174,-2.503043,18.493174,-19.311043,56.930245,11.604970,3.113086,-4.359121,5.922488,-19.361230,7.581006,65.610920,2.245995,3.105408,-1.355016
239.000000,-49.156350,41.729280,124.432540,0.640316,-3.326781,-178.466905,-9.587070,-3.175485,-6.482051,32.521515,-48.949445,4.264290,-16.735149,1.388250,-2.066896,43.579097,-48.893930,-4.306017,-0.228455,2.711326,9.511524,-2.399345,18.483735,-19.176900,57.208534,11.508821,3.305488,-4.542583,6.078660,-19.461174,7.548779,65.337289,2.241725,3.210220,-1.346824
240.000000,-49.017444,41.720593,124.400866,0.641266,-3.338674,-178.322715,-10.028674,-3.238286,-6.537129,33.080389,-49.110802,4.267951,-16.982685,1.325541,-2.159598,43.825543,-48.949825,-4.231306,-0.257331,2.709593,9.512080,-2.223944,18.575833,-18.997860,57.462709,11.859149,3.372742,-4.799746,6.117687,-19.391614,7.550628,65.141952,2.044127,3.220120,-1.872063
241.000000,-49.004808,41.711155,124.436855,0.701693,-3.380766,-178.197370,-9.910591,-3.205804,-6.696077,32.653164,-48.924935,4.307808,-16.920286,1.303634,-2.312133,43.591384,-48.861568,-4.244208,-0.447851,2.789444,9.322916,-1.642322,18.685902,-18.763984,57.566064,11.756257,3.547686,-5.067394,6.147833,-19.453200,7.733080,65.226326,1.902033,3.062312,-2.120016
242.000000,-48.956421,41.710901,124.450946,0.750866,-3.352898,-178.124057,-9.915944,-3.191832,-6.850280,32.653656,-48.843017,4.357387,-16.880761,1.349302,-2.355503,43.495529,-48.818473,-4.198747,-0.598798,2.851270,9.389516,-1.278053,18.558896,-18.652220,58.036889,11.992072,3.590413,-4.570363,6.022907,-19.422167,7.858110,65.342432,1.786182,3.045928,-2.527396
243.000000,-48.936462,41.713157,124.421966,0.773481,-3.355582,-178.028809,-10.231815,-3.204734,-6.837331,33.217167,-49.048220,4.327814,-16.966219,1.308278,-2.473746,43.667349,-48.884494,-4.268998,-0.642851,2.921417,9.371630,-0.988418,18.522939,-18.652198,58.610065,11.912182,3.668565,-5.024868,6.091915,-19.400784,7.778944,65.509567,1.879912,3.163204,-2.394811
